Стрим;Арх. Компонент;Название оригинальное;Название;Контекст;Тип работы;Наличие норматива;Параметр-триггер;Параметры трудоемкости;Кто может заполнить;Вопросы;Справочник
ИД. Внутренний;Арх.Компонент.Система источник;Уточнение требований, сбор первичной информации;;Этап 210;Опциональная;1;Тип источника (внутренний);Наличие реплики в DAPP (количества да/нет), Требования по Источникам не понятны, Кол-во доп неопределенных на данный момент Источников/Тематик (риск привнесения новых требований);;"
Дублируют ли параметры общую неопределенность?";Тип системы-источника: 1) Внутренний, 2) Внешний
ИД. Внутренний;Арх.Компонент.Система источник;Исследование Источника/Поиск Данных;;Этап 210;Опциональная;2;Тип источника (внутренний);Наличие реплики в DAPP (количества да/нет), Требования по Источникам не понятны, Кол-во доп неопределенных на данный момент Источников/Тематик (риск привнесения новых требований);;Какие виды работ возможны (разработка с нуля, доработка, и так далее)? Будет ли различатся трудоемкость для разных видов работ?;
ИД. Внутренний;Арх.Компонент.Система источник;Анализ Данных, Связок, Проверка качества;;Этап 210;Опциональная;3;Тип источника (внутренний);Наличие реплики в DAPP (количества да/нет), Требования по Источникам не понятны, Кол-во доп неопределенных на данный момент Источников/Тематик (риск привнесения новых требований);;;
ИД. Внутренний;Арх.Компонент.Система источник;Проработка вопросов с контрагентами;;Этап 210;Опциональная;3;Тип источника (внутренний);Наличие реплики в DAPP (количества да/нет), Требования по Источникам не понятны, Кол-во доп неопределенных на данный момент Источников/Тематик (риск привнесения новых требований);;;
ИД. Внутренний;Арх.Компонент.Система источник;Организация выгрузок;;Этап 210;Опциональная;2;Тип источника (внутренний);Наличие реплики в DAPP (количества да/нет), Требования по Источникам не понятны, Кол-во доп неопределенных на данный момент Источников/Тематик (риск привнесения новых требований);;;
ИД. Внутренний;Арх.Компонент.Система источник;Оформление Аналитической Записки;;Этап 210;Опциональная;1;Тип источника (внутренний);Наличие реплики в DAPP (количества да/нет), Требования по Источникам не понятны, Кол-во доп неопределенных на данный момент Источников/Тематик (риск привнесения новых требований);;;
ИД. Внутренний;Арх.Компонент.Система источник;Расследование проблем с качеством/контроль устранения;;Этап 210;Опциональная;2;Тип источника (внутренний);Наличие реплики в DAPP (количества да/нет), Требования по Источникам не понятны, Кол-во доп неопределенных на данный момент Источников/Тематик (риск привнесения новых требований);;;
ИД. Внутренний;Арх.Компонент.Объект данных;Сбор начальных требований;;Этап 211;Опциональная;2;Тип источника (внутренний);"Кол-во источников в витрине, Неопределенный на данный момент Источников/Метрик с неопредел.логикой расчета (риск привнесения новых требований)
Сложность интеграции (+расчетное количество)";;;
ИД. Внутренний;Арх.Компонент.Объект данных;Анализ Источников ;;Этап 211;Опциональная;4;Тип источника (внутренний);"Кол-во источников в витрине, Неопределенный на данный момент Источников/Метрик с неопредел.логикой расчета (риск привнесения новых требований)
Сложность интеграции (+расчетное количество)";;;
ИД. Внутренний;Арх.Компонент.Объект данных;Постановка RDS/План/Сроки;;Этап 211;Опциональная;3;Тип источника (внутренний);"Кол-во источников в витрине, Неопределенный на данный момент Источников/Метрик с неопредел.логикой расчета (риск привнесения новых требований)
Сложность интеграции (+расчетное количество)";;;
ИД. Внутренний;Арх.Компонент.Объект данных;Описание Бизнес Требования (Шаблон);;Этап 211;Опциональная;1;Тип источника (внутренний);"Кол-во источников в витрине, Неопределенный на данный момент Источников/Метрик с неопредел.логикой расчета (риск привнесения новых требований)
Сложность интеграции (+расчетное количество)";;;
ИД. Внутренний;Арх.Компонент.Объект данных;Проработка связок/Архитектуры;;Этап 211;Опциональная;4;Тип источника (внутренний);"Кол-во источников в витрине, Неопределенный на данный момент Источников/Метрик с неопредел.логикой расчета (риск привнесения новых требований)
Сложность интеграции (+расчетное количество)";;;
ИД. Внутренний;Арх.Компонент.Объект данных;Формирование прототипа/Проработка Технич вопросов;;Этап 211;Опциональная;5;Тип источника (внутренний);"Кол-во источников в витрине, Неопределенный на данный момент Источников/Метрик с неопредел.логикой расчета (риск привнесения новых требований)
Сложность интеграции (+расчетное количество)";;;
ИД. Внутренний;Арх.Компонент.Объект данных;Проработка проверок;;Этап 211;Опциональная;2;Тип источника (внутренний);"Кол-во источников в витрине, Неопределенный на данный момент Источников/Метрик с неопредел.логикой расчета (риск привнесения новых требований)
Сложность интеграции (+расчетное количество)";;;
ИД. Внутренний;Арх.Компонент.Объект данных;Согласование БТ/Передача БТ в разработку;;Этап 211;Опциональная;1;Тип источника (внутренний);"Кол-во источников в витрине, Неопределенный на данный момент Источников/Метрик с неопредел.логикой расчета (риск привнесения новых требований)
Сложность интеграции (+расчетное количество)";;;
ИД. Внутренний;Арх.Компонент.Система источник;Формирование плана интеграций/согласование сроков;;Этап 212;Опциональная;3;Тип источника (внутренний);"Признак промышленной витрины, Количество метрик
Сложность интеграции, (?) Мониторинг";;2 одинаковых состава работ для потока и витрины со своими отдельными наборами параметров Возможно разделение?;
ИД. Внутренний;Арх.Компонент.Система источник;Корректировка/Согласование документации (АИС/Протоколы/Ролевая Модель);;Этап 212;Опциональная;5;Тип источника (внутренний);Признак промышленной витрины, Количество метрик;;;
ИД. Внутренний;Арх.Компонент.Система источник;Ведение активностей по интеграции (Статусные встречи);;Этап 212;Опциональная;5;Тип источника (внутренний);Признак промышленной витрины, Количество метрик;;;
ИД. Внутренний;Арх.Компонент.Система источник;Тестирование (ПРЕДПСИ/ПСИ/Доработки после тестирования);;Этап 212;Опциональная;5;Тип источника (внутренний);Признак промышленной витрины, Количество метрик;;;
ИД. Внутренний;Арх.Компонент.Система источник;Проверка на ПРОМ Контуре/Заведение инцидентов;;Этап 212;Опциональная;4;Тип источника (внутренний);Признак промышленной витрины, Количество метрик;;;
ИД. Внутренний;Арх.Компонент.Система источник;Кол-во объектов для мониторинга (таблиц);;Этап 230;Опциональная;3;Тип источника (внутренний);;;;
ИД. Внутренний;Арх.Компонент.Объект данных;Кол-во объектов для мониторинга (таблиц);;Этап 230;Опциональная;3;Тип источника (внутренний);;;;
ИД. Внешний;Арх.Компонент.Система источник;Интервьюирование заказчика, подтверждение финансирования и обработка RDS;;Этап 214;Опциональная;0,7;Тип источника (внешний);;;Какие виды работ возможны (разработка с нуля, доработка, и так далее)? Будет ли различатся трудоемкость для разных видов работ?;
ИД. Внешний;Арх.Компонент.Система источник;Планирование и работа с бэклогом;;Этап 214;Опциональная;1;Тип источника (внешний);;;"Некоторые названия работ дублируются на разных этапах. Как их отражать в СА: отдельными строками (с различающимися названиями), одной строкой с суммарными трудозатратами?
Необходимость такой детализации? Возможно ли ограничиться этапами?";
ИД. Внешний;Арх.Компонент.Система источник;Сбор и анализ требований;;Этап 214;Опциональная;0,9;Тип источника (внешний);;;;
ИД. Внешний;Арх.Компонент.Система источник;Поиск и анализ источника(ов) и данных;;Этап 214;Опциональная;2,7;Тип источника (внешний);;;;
ИД. Внешний;Арх.Компонент.Система источник;Подготовка АЗ для заключения NDA, согласование содержания NDA;;Этап 214;Опциональная;0,6;Тип источника (внешний);;;;
ИД. Внешний;Арх.Компонент.Система источник;Получение визы от ИБ и ЮБ по возможности обмена конфиденциальными данными;;Этап 214;Опциональная;0,7;Тип источника (внешний);;;;
ИД. Внешний;Арх.Компонент.Система источник;Подготовка Отчета о проведенном Исследовании и согласование результата;;Этап 214;Опциональная;0,8;Тип источника (внешний);;;;
ИД. Внешний;Арх.Компонент.Система источник;Доработка внутренней документации и информационных ресурсов группы;;Этап 214;Опциональная;1;Тип источника (внешний);;;;
ИД. Внешний;Арх.Компонент. Система-источник;Интервьюирование заказчика, подтверждение финансирования и обработка RDS;Пилот. Интервьюирование заказчика, подтверждение финансирования и обработка RDS;Этап 215;Опциональная;0,7;Тип источника (внешний), Пилот (первичный, повторный);? Пилот (первичный, повторный);;Учтонить про условие срабатывания по полю - Новый пилот или повторный;
ИД. Внешний;Арх.Компонент. Система-источник;Планирование и работа с бэклогом;Пилот. Планирование и работа с бэклогом;Этап 215;Опциональная;0,9;Тип источника (внешний), Пилот (первичный, повторный);? Пилот (первичный, повторный);;"Как отражать пилот в СА (с детализацией по арх. компонентами или без)?
Если с детализацией - соотнести работы с арх. компонентами, при необходимости, продублировать.";
ИД. Внешний;Арх.Компонент. Система-источник;Сбор и анализ требований;Пилот. Сбор и анализ требований;Этап 215;Опциональная;0,9;Тип источника (внешний), Пилот (первичный, повторный);? Пилот (первичный, повторный);;;
ИД. Внешний;Арх.Компонент. Система-источник;Подготовка АЗ для заключения NDA, согласование содержания NDA;Пилот. Подготовка АЗ для заключения NDA, согласование содержания NDA;Этап 215;Опциональная;0,6;Тип источника (внешний), Пилот (первичный, повторный);? Пилот (первичный, повторный);;;
ИД. Внешний;Арх.Компонент. Система-источник;Согласование пилота / разовой загрузки с ИБ и ЮБ;Пилот. Согласование пилота / разовой загрузки с ИБ и ЮБ;Этап 215;Опциональная;0,7;Тип источника (внешний), Пилот (первичный, повторный);? Пилот (первичный, повторный);;;
ИД. Внешний;Арх.Компонент. Система-источник;Оперативное обеспечение юридического основания или инициация этапа;Пилот. Оперативное обеспечение юридического основания;Этап 215;Опциональная;0,7;Тип источника (внешний), Пилот (первичный, повторный);? Пилот (первичный, повторный);;;
ИД. Внешний;Арх.Компонент. Система-источник;Организация и контроль проведения пилота / разовой загрузки;Пилот. Организация и контроль проведения пилота / разовой загрузки;Этап 215;Опциональная;1,6;Тип источника (внешний), Пилот (первичный, повторный);? Пилот (первичный, повторный);;;
ИД. Внешний;Арх.Компонент. Система-источник;Прием и анализ результатов пилота / разовой загрузки;Пилот. Прием и анализ результатов пилота / разовой загрузки;Этап 215;Опциональная;0,7;Тип источника (внешний), Пилот (первичный, повторный);? Пилот (первичный, повторный);;;
ИД. Внешний;Арх.Компонент. Система-источник;Подготовка Отчета о проведении пилота / разовой загрузки и согласование результата;Пилот. Подготовка Отчета о проведении пилота / разовой загрузки и согласование результата;Этап 215;Опциональная;0,7;Тип источника (внешний), Пилот (первичный, повторный);? Пилот (первичный, повторный);;;
ИД. Внешний;Арх.Компонент. Система-источник;Доработка внутренней документации и инфрмационных ресурсов группы;Пилот. Доработка внутренней документации и инфрмационных ресурсов группы;Этап 215;Опциональная;0,8;Тип источника (внешний), Пилот (первичный, повторный);? Пилот (первичный, повторный);;;
ИД. Внешний;Арх.Компонент.Система источник;Интервьюирование заказчика, подтверждение финансирования и обработка RDS;;Этап 216;Опциональная;0,7;Тип источника (внешний);;;Состав работ добавляется по заполнению поля Источник для для арх.компонента система источник;
ИД. Внешний;Арх.Компонент.Система источник;Планирование и работа с бэклогом;;Этап 216;Опциональная;0,6;Тип источника (внешний);;;;
ИД. Внешний;Арх.Компонент.Система источник;Сбор и анализ требований;;Этап 216;Опциональная;1;Тип источника (внешний);;;;
ИД. Внешний;Арх.Компонент.Система источник;Подготовка АЗ для заключения NDA, согласование содержания NDA;;Этап 216;Опциональная;0,6;Тип источника (внешний);;;;
ИД. Внешний;Арх.Компонент.Система источник;Согласование интеграции с ИБ и ЮБ;;Этап 216;Опциональная;0,6;Тип источника (внешний);;;;
ИД. Внешний;Арх.Компонент.Система источник;Подготовка ТЗ для проведения соревновательной процедуры;;Этап 216;Опциональная;0,9;Тип источника (внешний);;;;
ИД. Внешний;Арх.Компонент.Система источник;Анализ ТЗ по результатам отборочной процедуры;;Этап 216;Опциональная;0,9;Тип источника (внешний);;;;
ИД. Внешний;Арх.Компонент.Система источник;Подготовка АЗ для договора, согласование содержания договора;;Этап 216;Опциональная;0,7;Тип источника (внешний);;;;
ИД. Внешний;Арх.Компонент.Система источник;Подготовка приложения к договору;;Этап 216;Опциональная;0,7;Тип источника (внешний);;;;
ИД. Внешний;Арх.Компонент.Система источник;Доработка внутренней документации и инфрмационных ресурсов группы;;Этап 216;Опциональная;0,8;Тип источника (внешний);;;;
ИД. Внешний;Арх.Компонент.Процессы Обработки данных;Интервьюирование заказчика, подтверждение финансирования и обработка RDS;;Этап 217;Опциональная;0,9;Тип источника (внешний);;;"Состав работ добавляется по заполнению поля ""Источник для"" для арх.компонента процесс обработки данных";
ИД. Внешний;Арх.Компонент.Процессы Обработки данных;Планирование и работа с бэклогом;;Этап 217;Опциональная;1,1;Тип источника (внешний);;;;
ИД. Внешний;Арх.Компонент.Процессы Обработки данных;Сбор и анализ требований;;Этап 217;Опциональная;1,2;Тип источника (внешний);;;;
ИД. Внешний;Арх.Компонент.Процессы Обработки данных;Оперативное обеспечение юридического основания или инициация этапа;;Этап 217;Опциональная;0,6;Тип источника (внешний);;;;
ИД. Внешний;Арх.Компонент.Процессы Обработки данных;Составление модели данных s2t;;Этап 217;Опциональная;1,2;Тип источника (внешний);;;;
ИД. Внешний;Арх.Компонент.Процессы Обработки данных;Составление ТР;;Этап 217;Опциональная;1,5;Тип источника (внешний);;;;
ИД. Внешний;Арх.Компонент.Процессы Обработки данных;Подготовка АЗ для заключения NDA, согласование содержания NDA;;Этап 217;Опциональная;0,6;Тип источника (внешний);;;;
ИД. Внешний;Арх.Компонент.Процессы Обработки данных;Согласование интеграции с ИБ и ЮБ;;Этап 217;Опциональная;0,6;Тип источника (внешний);;;;
ИД. Внешний;Арх.Компонент.Процессы Обработки данных;Согласование АР, участие в Тестировании и ПСИ;;Этап 217;Опциональная;0,9;Тип источника (внешний);;;;
ИД. Внешний;Арх.Компонент.Процессы Обработки данных;Доработка внутренней документации и инфрмационных ресурсов группы;;Этап 217;Опциональная;0,9;Тип источника (внешний);;;;
ИД. Внешний;Арх.Компонент.Объект данных;Интервьюирование заказчика, подтверждение финансирования и обработка RDS;;Этап 218;Опциональная;0,7;Тип источника (внешний);;;"Этап 218 нужен только для написания БТ?
Нужен ли отдельный параметр необходимость БТ для витрины? ";
ИД. Внешний;Арх.Компонент.Объект данных;Планирование и работа с бэклогом;;Этап 218;Опциональная;1,1;Тип источника (внешний);;;;
ИД. Внешний;Арх.Компонент.Объект данных;Сбор и анализ требований;;Этап 218;Опциональная;1,1;Тип источника (внешний);;;;
ИД. Внешний;Арх.Компонент.Объект данных;Составление модели данных s2t;;Этап 218;Опциональная;1,2;Тип источника (внешний);;;;
ИД. Внешний;Арх.Компонент.Объект данных;Составление БТ;;Этап 218;Опциональная;1,3;Тип источника (внешний);;;;
ИД. Внешний;Арх.Компонент.Объект данных;Согласование артефактов Озера данных, участие в Тестировании и ПСИ;;Этап 218;Опциональная;0,7;Тип источника (внешний);;;;
ИД. Внешний;Арх.Компонент.Объект данных;Доработка внутренней документации и инфрмационных ресурсов группы;;Этап 218;Опциональная;0,9;Тип источника (внешний);;;;
ИД. Внешний;Источники данных?;Сбор и анализ требований по изменениям;;Этап 219;Опциональная;2;"Не понятно условие появления работ
Тип источника (внешний)";;;;
ИД. Внешний;Источники данных?;Системный анализ;;Этап 219;Опциональная;3,8;Тип источника (внешний);;;;
ИД. Внешний;Источники данных?;Изучение регламентов Банка по ведению редактируемого раздела/ов;;Этап 219;Опциональная;0,8;Тип источника (внешний);;;;
ИД. Внешний;Источники данных?;Редактирование артефакта;;Этап 219;Опциональная;4,4;Тип источника (внешний);;;;
ИД. Внешний;Источники данных?;Согласование артефакта;;Этап 219;Опциональная;0,8;Тип источника (внешний);;;;
ИД. Внешний;;Планирование и работа с бэклогом;;Этап 220;Опциональная;0,7;Тип источника (внешний);;;;
ИД. Внешний;;Согласование и корректировка входящих требований;;Этап 220;Опциональная;0,8;Тип источника (внешний);;;;
ИД. Внешний;;Согласование и проверка модели данных s2t;;Этап 220;Опциональная;0,5;Тип источника (внешний);;;;
ИД. Внешний;;Работа над артефактом АР;;Этап 220;Опциональная;2,3;Тип источника (внешний);;;;
ИД. Внешний;;Работа над артефактами ТПиС, ПМИ;;Этап 220;Опциональная;1;Тип источника (внешний);;;;
ИД. Внешний;;Работы по разворачиванию и настройке новой инфраструктуры;;Этап 220;Опциональная;1,7;Тип источника (внешний);;;;
ИД. Внешний;;Согласование артефактов и заведение заявок на доступы;;Этап 220;Опциональная;1;Тип источника (внешний);;;;
ИД. Внешний;;Разработка Решения;;Этап 220;Опциональная;6;Тип источника (внешний);;;;
ИД. Внешний;;Тестирование и отладка Решения;;Этап 220;Опциональная;1,5;Тип источника (внешний);;;;
ИД. Внешний;;Проведение ИФТ Решения;;Этап 220;Опциональная;0,8;Тип источника (внешний);;;;
ИД. Внешний;;Проведение Тестирования Решения и ПСИ;;Этап 220;Опциональная;1;Тип источника (внешний);;;;
ИД. Внешний;;Вывод Решения в Промышленную эксплуатацию;;Этап 220;Опциональная;0,4;Тип источника (внешний);;;;
ИД. Внешний;;Доработка внутренней документации и инфрмационных ресурсов группы;;Этап 220;Опциональная;0,4;Тип источника (внешний);;;;
ИД. Внешний;;Планирование и работа с бэклогом;;Этап 230;Опциональная;0,4;Тип источника (внешний);;;;
ИД. Внешний;;Постановка источника на мониторинг;;Этап 230;Опциональная;3,9;Тип источника (внешний);;;;
ИД. Внешний;;Доработка внутренней документации и инфрмационных ресурсов группы;;Этап 230;Опциональная;0,3;Тип источника (внешний);;;;
Контроль моделей;Арх.Компонент. Модельный сервис;Качество модельных данных [КД];Реализация проверок качества модельных данных ;;Опциональная;Да;Вид контроля: КД;Определение необходимости промышленной реализации, Выбор класса моделей;;;
Контроль моделей;Арх.Компонент. Модельный сервис;Технический контроль [ТМ];Реализация технического контроля;;Опциональная;Да;Вид контроля: ТМ;Определение необходимости промышленной реализации, Выбор класса моделей;;;
Контроль моделей;Арх.Компонент. Модельный сервис;Оперативный контроль [ОК];Реализация оперативного контроля;;Опциональная;Да;Вид контроля: ОК;"Определение необходимости промышленной реализации, Выбор класса моделей
Тип работ, ПВР/Регуляторный, Роль модели, Новый вид контроля, Применение модельного сервиса в разных контурах (region и inno.local), Разнородность пользовательских сценариев применения модельного сервиса, Требуется проработка структуры логов, Требуется контроль для каждой модели сервиса в отдельности";;;
Контроль моделей;Арх.Компонент. Модельный сервис;Аналитический контроль [АК];Реализация аналитического контроля;;Опциональная;Да;Вид контроля: АК;"Определение необходимости промышленной реализации, Выбор класса моделей
Тип работ, ПВР/Регуляторный, Роль модели, Новый вид контроля, Применение модельного сервиса в разных контурах (region и inno.local), Разнородность пользовательских сценариев применения модельного сервиса, Требуется проработка структуры логов, Требуется контроль для каждой модели сервиса в отдельности";;;
Контроль моделей;Арх.Компонент. Модельный сервис;Контроль модельных значений [КМЗ];Реализация контроля модельных значений;;Опциональная;Да;Вид контроля: КМЗ;"Определение необходимости промышленной реализации, Выбор класса моделей
Тип работ, ПВР/Регуляторный, Роль модели, Новый вид контроля, Применение модельного сервиса в разных контурах (region и inno.local), Разнородность пользовательских сценариев применения модельного сервиса, Требуется проработка структуры логов, Требуется контроль для каждой модели сервиса в отдельности";;;
Контроль моделей;Арх.Компонент. Модельный сервис;Оценка влияния моделей [ОВ];Оценка влияния моделей;;Опциональная;Да;Вид контроля: ОВ;Определение необходимости промышленной реализации, Выбор класса моделей;;;
Контроль моделей;;Разработка интеграционного решения;Разработка интеграционного решения;;Опциональная;Да;?;Количество интеграционных решений, Тип источника, Необходимость подготовки документов;;;