Стрим;Арх. Компонент;Название в смарт-анкете СУМ;Тип работы;Наличие норматива;Параметр-триггер;Параметры трудоёмкости;Коэффициенты параметров трудоёмкости;Формула;Результат выбора;Замечания / Баги (тест Кирилла)
Источники данных;Арх. Компонент. Система-источник;Этап 210. Исследование и описание внутренних источников, выгрузка тестовых данных, мониторинг изменений источников;Опциональная;14;Тип системы-источника (внутренний);"1. Наличие реплики в DAPP
2. Необходимо уточнение требований по составу выгружаемых данных и алгоритмам расчёта метрик
3. Риск появления дополнительных систем-источников";"База этапа 210 = 14 чд.
— Наличие реплики в DAPP: Да→×1; Нет→×1.5
— Необходимо уточнение требований…: Да→ + База × 0.3; Нет→×0
— Риск появления дополнительных систем-источников: Да→×1.5; Нет→×0";Оценка = база × (К[Наличие реплики в DAPP] + К[Необходимо уточнение требований по составу выгружаемых данных и алгоритмам расчёта метрик] + К[Риск появления дополнительных систем-источников]);Выбор триггера (иначе Итог = 0). Норматив: 14 чд.;Параметр «Необходимо уточнение требований…» переехал в арх. компонент «Объект / Витрина данных» — искать в окне редактирования этого компонента.
Источники данных;Арх. Компонент. Процесс обработки данных;Этап 211. Разработка БТ (ТР) на реализацию процесса загрузки данных для внутренних данных;Опциональная;22;Тип системы-источника (внутренний);"1. Сложность реализации
2. Кол-во арх. компонентов «Система-источник» (вычисляемый)";"База этапа 211 = 22 чд.
— Сложность реализации: Неизвестно→×1.5; Высокая→×1.2; Средняя→×0.8; Низкая→×0.5
— Кол-во арх. компонентов «Система-источник» (вычисляемый): ≤5→×1; >5→×(N/5) к базе";Оценка = (база × К[Сложность реализации]) + (база × К[Кол-во арх. компонентов «Система-источник»]);Выбор триггера (иначе Итог = 0). Норматив: 22 чд.;"Тест Кирилла: работа в активированном состоянии не отображается в экране активных типовых работ, но видна в окне «Появление типовых работ». Просчёты работы некорректны. Прим.: коэффициенты «Сложности реализации» здесь (×1.5/×1.2/×0.8/×0.5) отличаются от стандартного справочника (Низкая→0.75; Средняя→1; Высокая→1.5; Неизвестно→1.25) — требует сверки."
Источники данных;Арх. Компонент. Объект данных;Этап 211. Разработка БТ (ТР) на реализацию витрины для внутренних данных;Опциональная;22;Тип системы-источника (внутренний);"1. Необходимо уточнение требований по составу выгружаемых данных и алгоритмам расчёта метрик
2. Кол-во арх. компонентов «Система-источник» (вычисляемый)";"База этапа 211 = 22 чд.
— Кол-во арх. компонентов «Система-источник» (вычисляемый): ≤5→×1; >5→×(N/5) к базе
— Необходимо уточнение требований…: Да→×10; Нет→×1";Оценка = (база × К[Кол-во арх. компонентов «Система-источник»]) + (база × К[Необходимо уточнение требований по составу выгружаемых данных и алгоритмам расчёта метрик]);Выбор триггера (иначе Итог = 0). Норматив: 22 чд.;Тест Кирилла: у справочника «Необходимо уточнение требований…» в требовании 2 значения (Да/Нет), а в настройках 3 (Да/Нет/Неизвестно) — согласовать. Работа в активированном состоянии не отображается ни в экране активных типовых работ, ни в окне «Появление типовых работ».
Источники данных;Арх. Компонент. Процесс обработки данных;Этап 212. Реализация процесса загрузки внутренних данных в Платформу данных для целей моделирования;Опциональная;22;Тип системы-источника (внутренний), Необходима продуктивизация = Да;"1. Тип работ
2. Требуется интеграция с промежуточной системой (СХК, СФП и др.)";"База этапа 212 = 22 чд.
— Тип работ: Настройка→×0.5; Доработка→×0.8; Разработка→×1
— Требуется интеграция с промежуточной системой (СХК, СФП и др.): Да→×1.5; Нет→×1";Оценка = база × (К[Тип работ] + К[Требуется интеграция с промежуточной системой (СХК, СФП и др.)]);Выбор триггера (иначе Итог = 0). Норматив: 22 чд.;Тест Кирилла: в справочнике «Тип работ» требование указывает «Без изменений», а в настройках — «Настройка»: согласовать наименование. Работа в активированном состоянии не отображается в экране активных типовых работ (видна в окне «Появление типовых работ»). Просчёт активированной работы неверный — не учитываются активированные параметры трудоёмкости.
Источники данных;Арх. Компонент. Объект данных;Этап 212. Реализация витрины внутренних данных в Платформе данных для целей моделирования;Опциональная;22;Тип системы-источника (внутренний), Необходима продуктивизация = Да;1. Количество метрик;"База этапа 212 = 22 чд.
— Надбавка за метрики: до 20→+0; 20–50→+0.2; >50→+0.4";Оценка = база × (1 + К[Количество метрик]);"Выбор триггера (иначе Итог = 0). Норматив: 22 чд.
для каждого объекта/витрины данных.";