Стрим;Арх. Компонент;Название  работы;Тип работы;Наличие норматива;Параметр-триггер;Параметры трудоемкости;Коэффициенты параметров трудоёмкости;Формула
Контроль моделей;Модельный сервис;Качество модельных данных [КД];Типовая работа;1;"Создание модельного сервиса
Класс модели";Класс модели;"Норматив КД по классам моделей: 1→10; 2→10; 3→10; 4→10; 5→10; 6→10; 7→10; 8→10; 9→10";Итог(КД) = Норматив_класса
Контроль моделей;Модельный сервис;Технический контроль [ТМ];Типовая работа;1;"Создание модельного сервиса
Класс модели";"Класс модели
Розничные регуляторные модели → 3; Розничные бизнес-модели → 2; Розничные модели CRM → 1; Розничные модели Collection → 2; Корпоративные регуляторные модели → 3; Корпоративные бизнес-модели → 2; Прочие корпоративные модели → 2; Модели фин.моделирования → 5; Модели цифровых помощников → 0";"Розничные регуляторные модели → 3; Розничные бизнес-модели → 2; Розничные модели CRM → 1; Розничные модели Collection → 2; Корпоративные регуляторные модели → 3; Корпоративные бизнес-модели → 2; Прочие корпоративные модели → 2; Модели фин.моделирования → 5; Модели цифровых помощников → 0";Итог(ТМ) = Норматив_класса
Контроль моделей;Модельный сервис;Оперативный контроль [ОК];Типовая работа;1;"Создание модельного сервиса
Класс модели";"Класс модели; Повышающие коэффициенты (ПК-параметры)";"Норматив ОК по классам моделей: 1→7; 2→7; 3→7; 4→7; 5→7; 6→7; 7→7; 8→7; 9→0
К выбранному контролю применяются повышающие коэффициенты ПК (К/ОК), итог по контролю умножается на их сумму";Итог(ОК) = Норматив_класса × Σ(ПК К/ОК)
Контроль моделей;Модельный сервис;Аналитический контроль [АК];Типовая работа;1;"Создание модельного сервиса
Класс модели";"Класс модели; Повышающие коэффициенты (ПК-параметры)";"Норматив АК по классам моделей: 1→40; 2→36; 3→20; 4→36; 5→40; 6→40; 7→40; 8→54; 9→55
К выбранному контролю применяются повышающие коэффициенты ПК (К/АК), итог по контролю умножается на их сумму";Итог(АК) = Норматив_класса × Σ(ПК К/АК)
Контроль моделей;Модельный сервис;Контроль модельных значений [КМЗ];Типовая работа;1;"Создание модельного сервиса
Класс модели";"Класс модели; Повышающие коэффициенты (ПК-параметры)";"Норматив КМЗ по классам моделей: 1→45; 2→20; 3→20; 4→20; 5→45; 6→20; 7→20; 8→20; 9→0
К выбранному контролю применяются повышающие коэффициенты ПК (К/КМЗ), итог по контролю умножается на их сумму";Итог(КМЗ) = Норматив_класса × Σ(ПК К/КМЗ)
Контроль моделей;Модельный сервис;Оценка влияния моделей [ОВ];Типовая работа;1;"Создание модельного сервиса
Класс модели";Класс модели;"Норматив ОВ по классам моделей: 1→45; 2→20; 3→20; 4→20; 5→45; 6→20; 7→20; 8→20; 9→0";Итог(ОВ) = Норматив_класса
Контроль моделей;Модельный сервис;Оценка реализации на пре-промышленном контуре (MVP/Прототип);Типовая работа;1;"Создание модельного сервиса
Класс модели";"Оценка (ручная); Периодичность";Нетиповая работа: итог = Оценка × Периодичность (ручной ввод);Итог = Оценка × Периодичность
Контроль моделей;Модельный сервис;Оценка новых интеграционных решений;Типовая работа;1;"Создание модельного сервиса
Класс модели";Фиксированный норматив;Немодельная задача: норматив = 20 чел.-дн.;Итог = 20 (норматив немодельной задачи)