Стрим;Арх. Компонент;Название в смарт-анкете СУМ;Тип работы;Наличие норматива;Параметр-триггер;Параметры трудоёмкости;Коэффициенты параметров трудоёмкости;Формула;Результат выбора
Источники данных;Арх. Компонент. Система-источник;Этап 214. Интервьюирование заказчика, подтверждение финансирования и обработка RDS;Опциональная;0,7;Тип системы-источника (внешний), Необходимо подтвердить возможность интеграции;"1. Сложность предметной области
2. Количество сущностей (исходных таблиц)
3. Детализация и ясность запроса постановки задачи
4. Риск появления дополнительных систем-источников
5. Необходимо уточнение требований по составу выгружаемых данных и алгоритмам расчёта метрик";"— Сложность предметной области: Низкая→0.75; Средняя→1; Высокая→1.5; Неизвестно→1.25
— Количество сущностей (исходных таблиц): Точечное(1-4)→0.5; Малое(5-9)→0.75; Среднее(9-15)→1; Крупное(15-20)→1.25; Большое(20-25)→1.5; Масштабное(25+)→1.75; Неизвестно→1.25
— Детализация и ясность запроса постановки задачи: Высокая→0.75; Средняя→1.25; Низкая→1.5; Неизвестно→1
— Риск появления дополнительных систем-источников: Да→0.75; Нет→1.25; Неизвестно→1
— Необходимо уточнение требований по составу выгружаемых данных и алгоритмам расчёта метрик: Да→0.75; Нет→1.25; Неизвестно→1";"ЧД(работы) = ОКРУГЛ.ВВЕРХ(Норматив × [Сложность предметной области] × [Количество сущностей (исходных таблиц)] × [Детализация и ясность запроса постановки задачи] × [Риск появления дополнительных систем-источников] × [Необходимо уточнение требований по составу выгружаемых данных и алгоритмам расчёта метрик]; 0,1)";Выбор триггера (иначе Итог = 0). Норматив: 0,7 чд.
Источники данных;Арх. Компонент. Система-источник;Этап 214. Планирование и работа с бэклогом;Опциональная;1;Тип системы-источника (внешний), Необходимо подтвердить возможность интеграции;"1. Сложность предметной области
2. Количество сущностей (исходных таблиц)
3. Детализация и ясность запроса постановки задачи
4. Риск появления дополнительных систем-источников
5. Необходимо уточнение требований по составу выгружаемых данных и алгоритмам расчёта метрик
6. NDA
7. Наличие конфиденциальных данных";"— Сложность предметной области: Низкая→0.75; Средняя→1; Высокая→1.5; Неизвестно→1.25
— Количество сущностей (исходных таблиц): Точечное(1-4)→0.5; Малое(5-9)→0.75; Среднее(9-15)→1; Крупное(15-20)→1.25; Большое(20-25)→1.5; Масштабное(25+)→1.75; Неизвестно→1.25
— Детализация и ясность запроса постановки задачи: Высокая→0.75; Средняя→1.25; Низкая→1.5; Неизвестно→1
— Риск появления дополнительных систем-источников: Да→0.75; Нет→1.25; Неизвестно→1
— Необходимо уточнение требований по составу выгружаемых данных и алгоритмам расчёта метрик: Да→0.75; Нет→1.25; Неизвестно→1
— NDA: Стандартное→0.75; Нестандартное→1.25; Не требуется→0; Неизвестно→1
— Наличие конфиденциальных данных: Да→1.25; Нет→0; Неизвестно→1";"ЧД(работы) = ОКРУГЛ.ВВЕРХ(Норматив × [Сложность предметной области] × [Количество сущностей (исходных таблиц)] × [Детализация и ясность запроса постановки задачи] × [Риск появления дополнительных систем-источников] × [Необходимо уточнение требований по составу выгружаемых данных и алгоритмам расчёта метрик] × [NDA] × [Наличие конфиденциальных данных]; 0,1)";Выбор триггера (иначе Итог = 0). Норматив: 1 чд.
Источники данных;Арх. Компонент. Система-источник;Этап 214. Сбор и анализ требований;Опциональная;0,9;Тип системы-источника (внешний), Необходимо подтвердить возможность интеграции;"1. Сложность предметной области
2. Количество сущностей (исходных таблиц)
3. Детализация и ясность запроса постановки задачи
4. Риск появления дополнительных систем-источников
5. Необходимо уточнение требований по составу выгружаемых данных и алгоритмам расчёта метрик
6. Наличие конфиденциальных данных";"— Сложность предметной области: Низкая→0.75; Средняя→1; Высокая→1.5; Неизвестно→1.25
— Количество сущностей (исходных таблиц): Точечное(1-4)→0.5; Малое(5-9)→0.75; Среднее(9-15)→1; Крупное(15-20)→1.25; Большое(20-25)→1.5; Масштабное(25+)→1.75; Неизвестно→1.25
— Детализация и ясность запроса постановки задачи: Высокая→0.75; Средняя→1.25; Низкая→1.5; Неизвестно→1
— Риск появления дополнительных систем-источников: Да→0.75; Нет→1.25; Неизвестно→1
— Необходимо уточнение требований по составу выгружаемых данных и алгоритмам расчёта метрик: Да→0.75; Нет→1.25; Неизвестно→1
— Наличие конфиденциальных данных: Да→1.25; Нет→0; Неизвестно→1";"ЧД(работы) = ОКРУГЛ.ВВЕРХ(Норматив × [Сложность предметной области] × [Количество сущностей (исходных таблиц)] × [Детализация и ясность запроса постановки задачи] × [Риск появления дополнительных систем-источников] × [Необходимо уточнение требований по составу выгружаемых данных и алгоритмам расчёта метрик] × [Наличие конфиденциальных данных]; 0,1)";Выбор триггера (иначе Итог = 0). Норматив: 0,9 чд.
Источники данных;Арх. Компонент. Система-источник;Этап 214. Поиск и анализ источника(ов) и данных;Опциональная;2,7;Тип системы-источника (внешний), Необходимо подтвердить возможность интеграции;"1. Сложность предметной области
2. Количество сущностей (исходных таблиц)
3. Детализация и ясность запроса постановки задачи
4. Риск появления дополнительных систем-источников
5. Необходимо уточнение требований по составу выгружаемых данных и алгоритмам расчёта метрик
6. NDA
7. Наличие конфиденциальных данных";"— Сложность предметной области: Низкая→0.75; Средняя→1; Высокая→1.5; Неизвестно→1.25
— Количество сущностей (исходных таблиц): Точечное(1-4)→0.5; Малое(5-9)→0.75; Среднее(9-15)→1; Крупное(15-20)→1.25; Большое(20-25)→1.5; Масштабное(25+)→1.75; Неизвестно→1.25
— Детализация и ясность запроса постановки задачи: Высокая→0.75; Средняя→1.25; Низкая→1.5; Неизвестно→1
— Риск появления дополнительных систем-источников: Да→0.75; Нет→1.25; Неизвестно→1
— Необходимо уточнение требований по составу выгружаемых данных и алгоритмам расчёта метрик: Да→0.75; Нет→1.25; Неизвестно→1
— NDA: Стандартное→0.75; Нестандартное→1.25; Не требуется→0; Неизвестно→1
— Наличие конфиденциальных данных: Да→1.25; Нет→0; Неизвестно→1";"ЧД(работы) = ОКРУГЛ.ВВЕРХ(Норматив × [Сложность предметной области] × [Количество сущностей (исходных таблиц)] × [Детализация и ясность запроса постановки задачи] × [Риск появления дополнительных систем-источников] × [Необходимо уточнение требований по составу выгружаемых данных и алгоритмам расчёта метрик] × [NDA] × [Наличие конфиденциальных данных]; 0,1)";Выбор триггера (иначе Итог = 0). Норматив: 2,7 чд.
Источники данных;Арх. Компонент. Система-источник;Этап 214. Подготовка АЗ для заключения NDA, согласование содержания NDA;Опциональная;0,6;Тип системы-источника (внешний), Необходимо подтвердить возможность интеграции;"1. Сложность предметной области
2. Количество сущностей (исходных таблиц)
3. NDA
4. Наличие конфиденциальных данных";"— Сложность предметной области: Низкая→0.75; Средняя→1; Высокая→1.5; Неизвестно→1.25
— Количество сущностей (исходных таблиц): Точечное(1-4)→0.5; Малое(5-9)→0.75; Среднее(9-15)→1; Крупное(15-20)→1.25; Большое(20-25)→1.5; Масштабное(25+)→1.75; Неизвестно→1.25
— NDA: Стандартное→0.75; Нестандартное→1.25; Не требуется→0; Неизвестно→1
— Наличие конфиденциальных данных: Да→1.25; Нет→0; Неизвестно→1";"ЧД(работы) = ОКРУГЛ.ВВЕРХ(Норматив × [Сложность предметной области] × [Количество сущностей (исходных таблиц)] × [NDA] × [Наличие конфиденциальных данных]; 0,1)";Выбор триггера (иначе Итог = 0). Норматив: 0,6 чд.
Источники данных;Арх. Компонент. Система-источник;Этап 214. Получение визы от ИБ и ЮБ по возможности обмена конфиденциальными данными;Опциональная;0,7;Тип системы-источника (внешний), Необходимо подтвердить возможность интеграции;"1. Сложность предметной области
2. Количество сущностей (исходных таблиц)
3. Наличие конфиденциальных данных";"— Сложность предметной области: Низкая→0.75; Средняя→1; Высокая→1.5; Неизвестно→1.25
— Количество сущностей (исходных таблиц): Точечное(1-4)→0.5; Малое(5-9)→0.75; Среднее(9-15)→1; Крупное(15-20)→1.25; Большое(20-25)→1.5; Масштабное(25+)→1.75; Неизвестно→1.25
— Наличие конфиденциальных данных: Да→1.25; Нет→0; Неизвестно→1";"ЧД(работы) = ОКРУГЛ.ВВЕРХ(Норматив × [Сложность предметной области] × [Количество сущностей (исходных таблиц)] × [Наличие конфиденциальных данных]; 0,1)";Выбор триггера (иначе Итог = 0). Норматив: 0,7 чд.
Источники данных;Арх. Компонент. Система-источник;Этап 214. Подготовка Отчета о проведенном Исследовании и согласование результата;Опциональная;0,8;Тип системы-источника (внешний), Необходимо подтвердить возможность интеграции;"1. Сложность предметной области
2. Количество сущностей (исходных таблиц)
3. Наличие конфиденциальных данных";"— Сложность предметной области: Низкая→0.75; Средняя→1; Высокая→1.5; Неизвестно→1.25
— Количество сущностей (исходных таблиц): Точечное(1-4)→0.5; Малое(5-9)→0.75; Среднее(9-15)→1; Крупное(15-20)→1.25; Большое(20-25)→1.5; Масштабное(25+)→1.75; Неизвестно→1.25
— Наличие конфиденциальных данных: Да→1.25; Нет→0; Неизвестно→1";"ЧД(работы) = ОКРУГЛ.ВВЕРХ(Норматив × [Сложность предметной области] × [Количество сущностей (исходных таблиц)] × [Наличие конфиденциальных данных]; 0,1)";Выбор триггера (иначе Итог = 0). Норматив: 0,8 чд.
Источники данных;Арх. Компонент. Система-источник;Этап 214. Доработка внутренней документации и информационных ресурсов группы;Опциональная;1;Тип системы-источника (внешний), Необходимо подтвердить возможность интеграции;"1. Количество сущностей (исходных таблиц)
2. NDA";"— Количество сущностей (исходных таблиц): Точечное(1-4)→0.5; Малое(5-9)→0.75; Среднее(9-15)→1; Крупное(15-20)→1.25; Большое(20-25)→1.5; Масштабное(25+)→1.75; Неизвестно→1.25
— NDA: Стандартное→0.75; Нестандартное→1.25; Не требуется→0; Неизвестно→1";"ЧД(работы) = ОКРУГЛ.ВВЕРХ(Норматив × [Количество сущностей (исходных таблиц)] × [NDA]; 0,1)";Выбор триггера (иначе Итог = 0). Норматив: 1 чд.
Источники данных;Арх. Компонент. Система-источник;Этап 215. Интервьюирование заказчика, подтверждение финансирования и обработка RDS;Опциональная;0,7;Тип системы-источника (внешний), Пилот (первичный, повторный);"1. Пилот
2. Требуется хэширование/ шифрование
3. Режим обмена данными";"— Пилот: Первичный→1.1; Повторный→0.75; Не требуется→ работы пилота исключаются
— Требуется хэширование/ шифрование: Да→1.25; Нет→0.75; Неизвестно→1 (на «Система-источник» Нет→0.9)
— Режим обмена данными: Односторонний→0.9; Двусторонний→1.25; Неизвестно→1";"ЧД(работы) = ОКРУГЛ.ВВЕРХ(Норматив × [Пилот] × [Требуется хэширование/ шифрование] × [Режим обмена данными]; 0,1)";Выбор триггера (иначе Итог = 0). Норматив: 0,7 чд.
Источники данных;Арх. Компонент. Система-источник;Этап 215. Планирование и работа с бэклогом;Опциональная;0,9;Тип системы-источника (внешний), Пилот (первичный, повторный);"1. Пилот
2. NDA
3. Наличие юридического основания для пилота
4. Наличие конфиденциальных данных
5. Требуется хэширование/ шифрование
6. Режим обмена данными";"— Пилот: Первичный→1.1; Повторный→0.75; Не требуется→ работы пилота исключаются
— NDA: Стандартное→0.75; Нестандартное→1.25; Не требуется→0; Неизвестно→1
— Наличие юридического основания для пилота: Да→0; Нет→1.25; Неизвестно→1
— Наличие конфиденциальных данных: Да→1.25; Нет→0; Неизвестно→1
— Требуется хэширование/ шифрование: Да→1.25; Нет→0.75; Неизвестно→1 (на «Система-источник» Нет→0.9)
— Режим обмена данными: Односторонний→0.9; Двусторонний→1.25; Неизвестно→1";"ЧД(работы) = ОКРУГЛ.ВВЕРХ(Норматив × [Пилот] × [NDA] × [Наличие юридического основания для пилота] × [Наличие конфиденциальных данных] × [Требуется хэширование/ шифрование] × [Режим обмена данными]; 0,1)";Выбор триггера (иначе Итог = 0). Норматив: 0,9 чд.
Источники данных;Арх. Компонент. Система-источник;Этап 215. Сбор и анализ требований;Опциональная;0,9;Тип системы-источника (внешний), Пилот (первичный, повторный);"1. Пилот
2. Наличие конфиденциальных данных
3. Требуется хэширование/ шифрование
4. Режим обмена данными";"— Пилот: Первичный→1.1; Повторный→0.75; Не требуется→ работы пилота исключаются
— Наличие конфиденциальных данных: Да→1.25; Нет→0; Неизвестно→1
— Требуется хэширование/ шифрование: Да→1.25; Нет→0.75; Неизвестно→1 (на «Система-источник» Нет→0.9)
— Режим обмена данными: Односторонний→0.9; Двусторонний→1.25; Неизвестно→1";"ЧД(работы) = ОКРУГЛ.ВВЕРХ(Норматив × [Пилот] × [Наличие конфиденциальных данных] × [Требуется хэширование/ шифрование] × [Режим обмена данными]; 0,1)";Выбор триггера (иначе Итог = 0). Норматив: 0,9 чд.
Источники данных;Арх. Компонент. Система-источник;Этап 215. Подготовка АЗ для заключения NDA, согласование содержания NDA;Опциональная;0,6;Тип системы-источника (внешний), Пилот (первичный, повторный);"1. Пилот
2. NDA
3. Наличие конфиденциальных данных
4. Режим обмена данными";"— Пилот: Первичный→1.1; Повторный→0.75; Не требуется→ работы пилота исключаются
— NDA: Стандартное→0.75; Нестандартное→1.25; Не требуется→0; Неизвестно→1
— Наличие конфиденциальных данных: Да→1.25; Нет→0; Неизвестно→1
— Режим обмена данными: Односторонний→0.9; Двусторонний→1.25; Неизвестно→1";"ЧД(работы) = ОКРУГЛ.ВВЕРХ(Норматив × [Пилот] × [NDA] × [Наличие конфиденциальных данных] × [Режим обмена данными]; 0,1)";Выбор триггера (иначе Итог = 0). Норматив: 0,6 чд.
Источники данных;Арх. Компонент. Система-источник;Этап 215. Согласование пилота / разовой загрузки с ИБ и ЮБ;Опциональная;0,7;Тип системы-источника (внешний), Пилот (первичный, повторный);"1. Пилот
2. Наличие конфиденциальных данных
3. Режим обмена данными";"— Пилот: Первичный→1.1; Повторный→0.75; Не требуется→ работы пилота исключаются
— Наличие конфиденциальных данных: Да→1.25; Нет→0; Неизвестно→1
— Режим обмена данными: Односторонний→0.9; Двусторонний→1.25; Неизвестно→1";"ЧД(работы) = ОКРУГЛ.ВВЕРХ(Норматив × [Пилот] × [Наличие конфиденциальных данных] × [Режим обмена данными]; 0,1)";Выбор триггера (иначе Итог = 0). Норматив: 0,7 чд.
Источники данных;Арх. Компонент. Система-источник;Этап 215. Оперативное обеспечение юридического основания или инициация этапа;Опциональная;0,7;Тип системы-источника (внешний), Пилот (первичный, повторный);"1. Пилот
2. Наличие юридического основания для пилота
3. Наличие конфиденциальных данных
4. Требуется хэширование/ шифрование
5. Режим обмена данными";"— Пилот: Первичный→1.1; Повторный→0.75; Не требуется→ работы пилота исключаются
— Наличие юридического основания для пилота: Да→0; Нет→1.25; Неизвестно→1
— Наличие конфиденциальных данных: Да→1.25; Нет→0; Неизвестно→1
— Требуется хэширование/ шифрование: Да→1.25; Нет→0.75; Неизвестно→1 (на «Система-источник» Нет→0.9)
— Режим обмена данными: Односторонний→0.9; Двусторонний→1.25; Неизвестно→1";"ЧД(работы) = ОКРУГЛ.ВВЕРХ(Норматив × [Пилот] × [Наличие юридического основания для пилота] × [Наличие конфиденциальных данных] × [Требуется хэширование/ шифрование] × [Режим обмена данными]; 0,1)";Выбор триггера (иначе Итог = 0). Норматив: 0,7 чд.
Источники данных;Арх. Компонент. Система-источник;Этап 215. Организация и контроль проведения пилота / разовой загрузки;Опциональная;1,6;Тип системы-источника (внешний), Пилот (первичный, повторный);"1. Пилот
2. Наличие конфиденциальных данных";"— Пилот: Первичный→1.1; Повторный→0.75; Не требуется→ работы пилота исключаются
— Наличие конфиденциальных данных: Да→1.25; Нет→0; Неизвестно→1";"ЧД(работы) = ОКРУГЛ.ВВЕРХ(Норматив × [Пилот] × [Наличие конфиденциальных данных]; 0,1)";Выбор триггера (иначе Итог = 0). Норматив: 1,6 чд.
Источники данных;Арх. Компонент. Система-источник;Этап 215. Прием и анализ результатов пилота / разовой загрузки;Опциональная;0,7;Тип системы-источника (внешний), Пилот (первичный, повторный);"1. Пилот
2. Наличие конфиденциальных данных";"— Пилот: Первичный→1.1; Повторный→0.75; Не требуется→ работы пилота исключаются
— Наличие конфиденциальных данных: Да→1.25; Нет→0; Неизвестно→1";"ЧД(работы) = ОКРУГЛ.ВВЕРХ(Норматив × [Пилот] × [Наличие конфиденциальных данных]; 0,1)";Выбор триггера (иначе Итог = 0). Норматив: 0,7 чд.
Источники данных;Арх. Компонент. Система-источник;Этап 215. Подготовка Отчета о проведении пилота / разовой загрузки и согласование результата;Опциональная;0,7;Тип системы-источника (внешний), Пилот (первичный, повторный);"1. Пилот
2. Наличие конфиденциальных данных";"— Пилот: Первичный→1.1; Повторный→0.75; Не требуется→ работы пилота исключаются
— Наличие конфиденциальных данных: Да→1.25; Нет→0; Неизвестно→1";"ЧД(работы) = ОКРУГЛ.ВВЕРХ(Норматив × [Пилот] × [Наличие конфиденциальных данных]; 0,1)";Выбор триггера (иначе Итог = 0). Норматив: 0,7 чд.
Источники данных;Арх. Компонент. Система-источник;Этап 215. Доработка внутренней документации и информационных ресурсов группы;Опциональная;0,8;Тип системы-источника (внешний), Пилот (первичный, повторный);"1. Пилот
2. Наличие конфиденциальных данных";"— Пилот: Первичный→1.1; Повторный→0.75; Не требуется→ работы пилота исключаются
— Наличие конфиденциальных данных: Да→1.25; Нет→0; Неизвестно→1";"ЧД(работы) = ОКРУГЛ.ВВЕРХ(Норматив × [Пилот] × [Наличие конфиденциальных данных]; 0,1)";Выбор триггера (иначе Итог = 0). Норматив: 0,8 чд.
Источники данных;Арх. Компонент. Система-источник;Этап 216. Интервьюирование заказчика, подтверждение финансирования и обработка RDS;Опциональная;0,7;Тип системы-источника (внешний);1. Предусмотрено проведение конкурса;"— Предусмотрено проведение конкурса: Да→1.25; Нет→0; Неизвестно→1";"ЧД(работы) = ОКРУГЛ.ВВЕРХ(Норматив × [Предусмотрено проведение конкурса]; 0,1)";Выбор триггера (иначе Итог = 0). Норматив: 0,7 чд.
Источники данных;Арх. Компонент. Система-источник;Этап 216. Планирование и работа с бэклогом;Опциональная;0,6;Тип системы-источника (внешний);"1. NDA
2. Тип загрузки данных
3. Предусмотрено проведение конкурса
4. Форма договора";"— NDA: Стандартное→0.75; Нестандартное→1.25; Не требуется→0; Неизвестно→1
— Тип загрузки данных: Однократный→0.75; Регламентный→1.25
— Предусмотрено проведение конкурса: Да→1.25; Нет→0; Неизвестно→1
— Форма договора: Стандартная→0.75; Нестандартная→1.25; Неизвестно→1";"ЧД(работы) = ОКРУГЛ.ВВЕРХ(Норматив × [NDA] × [Тип загрузки данных] × [Предусмотрено проведение конкурса] × [Форма договора]; 0,1)";Выбор триггера (иначе Итог = 0). Норматив: 0,6 чд.
Источники данных;Арх. Компонент. Система-источник;Этап 216. Сбор и анализ требований;Опциональная;1;Тип системы-источника (внешний);"1. Тип загрузки данных
2. Предусмотрено проведение конкурса";"— Тип загрузки данных: Однократный→0.75; Регламентный→1.25
— Предусмотрено проведение конкурса: Да→1.25; Нет→0; Неизвестно→1";"ЧД(работы) = ОКРУГЛ.ВВЕРХ(Норматив × [Тип загрузки данных] × [Предусмотрено проведение конкурса]; 0,1)";Выбор триггера (иначе Итог = 0). Норматив: 1 чд.
Источники данных;Арх. Компонент. Система-источник;Этап 216. Подготовка АЗ для заключения NDA, согласование содержания NDA;Опциональная;0,6;Тип системы-источника (внешний);"1. NDA
2. Тип загрузки данных";"— NDA: Стандартное→0.75; Нестандартное→1.25; Не требуется→0; Неизвестно→1
— Тип загрузки данных: Однократный→0.75; Регламентный→1.25";"ЧД(работы) = ОКРУГЛ.ВВЕРХ(Норматив × [NDA] × [Тип загрузки данных]; 0,1)";Выбор триггера (иначе Итог = 0). Норматив: 0,6 чд.
Источники данных;Арх. Компонент. Система-источник;Этап 216. Согласование интеграции с ИБ и ЮБ;Опциональная;0,6;Тип системы-источника (внешний);1. Тип загрузки данных;"— Тип загрузки данных: Однократный→0.75; Регламентный→1.25";"ЧД(работы) = ОКРУГЛ.ВВЕРХ(Норматив × [Тип загрузки данных]; 0,1)";Выбор триггера (иначе Итог = 0). Норматив: 0,6 чд.
Источники данных;Арх. Компонент. Система-источник;Этап 216. Подготовка ТЗ для проведения соревновательной процедуры;Опциональная;0,9;Тип системы-источника (внешний);"1. Тип загрузки данных
2. Предусмотрено проведение конкурса";"— Тип загрузки данных: Однократный→0.75; Регламентный→1.25
— Предусмотрено проведение конкурса: Да→1.25; Нет→0; Неизвестно→1";"ЧД(работы) = ОКРУГЛ.ВВЕРХ(Норматив × [Тип загрузки данных] × [Предусмотрено проведение конкурса]; 0,1)";Выбор триггера (иначе Итог = 0). Норматив: 0,9 чд.
Источники данных;Арх. Компонент. Система-источник;Этап 216. Анализ ТЗ по результатам отборочной процедуры;Опциональная;0,9;Тип системы-источника (внешний);"1. Тип загрузки данных
2. Предусмотрено проведение конкурса";"— Тип загрузки данных: Однократный→0.75; Регламентный→1.25
— Предусмотрено проведение конкурса: Да→1.25; Нет→0; Неизвестно→1";"ЧД(работы) = ОКРУГЛ.ВВЕРХ(Норматив × [Тип загрузки данных] × [Предусмотрено проведение конкурса]; 0,1)";Выбор триггера (иначе Итог = 0). Норматив: 0,9 чд.
Источники данных;Арх. Компонент. Система-источник;Этап 216. Подготовка АЗ для договора, согласование содержания договора;Опциональная;0,7;Тип системы-источника (внешний);1. Тип загрузки данных;"— Тип загрузки данных: Однократный→0.75; Регламентный→1.25";"ЧД(работы) = ОКРУГЛ.ВВЕРХ(Норматив × [Тип загрузки данных]; 0,1)";Выбор триггера (иначе Итог = 0). Норматив: 0,7 чд.
Источники данных;Арх. Компонент. Система-источник;Этап 216. Подготовка приложения к договору;Опциональная;0,7;Тип системы-источника (внешний);1. Форма договора;"— Форма договора: Стандартная→0.75; Нестандартная→1.25; Неизвестно→1";"ЧД(работы) = ОКРУГЛ.ВВЕРХ(Норматив × [Форма договора]; 0,1)";Выбор триггера (иначе Итог = 0). Норматив: 0,7 чд.
Источники данных;Арх. Компонент. Система-источник;Этап 216. Доработка внутренней документации и информационных ресурсов группы;Опциональная;0,8;Тип системы-источника (внешний);1. Тип загрузки данных;"— Тип загрузки данных: Однократный→0.75; Регламентный→1.25";"ЧД(работы) = ОКРУГЛ.ВВЕРХ(Норматив × [Тип загрузки данных]; 0,1)";Выбор триггера (иначе Итог = 0). Норматив: 0,8 чд.
Источники данных;Арх. Компонент. Процесс обработки данных;Этап 217. Интервьюирование заказчика, подтверждение финансирования и обработка RDS;Опциональная;0,9;Тип системы-источника (внешний);"1. Тип работ
2. Стейкхолдеры известны (владелец сервиса, разработчик модели / витрин, РП и тд.)?
3. Способ предоставления данных заказчику
4. Наличие конфиденциальных данных
5. Требуется хэширование/ шифрование
6. Двусторонний обмен данными";"— Тип работ: Разработка→1.1; Доработка→0.75; Настройка→0.5; Неизвестно→1
— Стейкхолдеры известны (владелец сервиса, разработчик модели / витрин, РП и тд.)?: Да→0.9; Нет→1.1; Неизвестно→1
— Способ предоставления данных заказчику: Непосредственно→0.8; Опосредованно→1.2; Неизвестно→1
— Наличие конфиденциальных данных: Да→1.25; Нет→0; Неизвестно→1
— Требуется хэширование/ шифрование: Да→1.25; Нет→0.75; Неизвестно→1 (на «Система-источник» Нет→0.9)
— Двусторонний обмен данными: Да→1.25; Нет→0.75; Неизвестно→1";"ЧД(работы) = ОКРУГЛ.ВВЕРХ(Норматив × [Тип работ] × [Стейкхолдеры известны (владелец сервиса, разработчик модели / витрин, РП и тд.)?] × [Способ предоставления данных заказчику] × [Наличие конфиденциальных данных] × [Требуется хэширование/ шифрование] × [Двусторонний обмен данными]; 0,1)";Выбор триггера (иначе Итог = 0). Норматив: 0,9 чд.
Источники данных;Арх. Компонент. Процесс обработки данных;Этап 217. Планирование и работа с бэклогом;Опциональная;1,1;Тип системы-источника (внешний);"1. Тип работ
2. Стейкхолдеры известны (владелец сервиса, разработчик модели / витрин, РП и тд.)?
3. Способ предоставления данных заказчику
4. NDA
5. Наличие конфиденциальных данных
6. Требуется хэширование/ шифрование
7. Двусторонний обмен данными";"— Тип работ: Разработка→1.1; Доработка→0.75; Настройка→0.5; Неизвестно→1
— Стейкхолдеры известны (владелец сервиса, разработчик модели / витрин, РП и тд.)?: Да→0.9; Нет→1.1; Неизвестно→1
— Способ предоставления данных заказчику: Непосредственно→0.8; Опосредованно→1.2; Неизвестно→1
— NDA: Стандартное→0.75; Нестандартное→1.25; Не требуется→0; Неизвестно→1
— Наличие конфиденциальных данных: Да→1.25; Нет→0; Неизвестно→1
— Требуется хэширование/ шифрование: Да→1.25; Нет→0.75; Неизвестно→1 (на «Система-источник» Нет→0.9)
— Двусторонний обмен данными: Да→1.25; Нет→0.75; Неизвестно→1";"ЧД(работы) = ОКРУГЛ.ВВЕРХ(Норматив × [Тип работ] × [Стейкхолдеры известны (владелец сервиса, разработчик модели / витрин, РП и тд.)?] × [Способ предоставления данных заказчику] × [NDA] × [Наличие конфиденциальных данных] × [Требуется хэширование/ шифрование] × [Двусторонний обмен данными]; 0,1)";Выбор триггера (иначе Итог = 0). Норматив: 1,1 чд.
Источники данных;Арх. Компонент. Процесс обработки данных;Этап 217. Сбор и анализ требований;Опциональная;1,2;Тип системы-источника (внешний);"1. Тип работ
2. Стейкхолдеры известны (владелец сервиса, разработчик модели / витрин, РП и тд.)?
3. Способ предоставления данных заказчику
4. Наличие конфиденциальных данных
5. Требуется хэширование/ шифрование
6. Двусторонний обмен данными";"— Тип работ: Разработка→1.1; Доработка→0.75; Настройка→0.5; Неизвестно→1
— Стейкхолдеры известны (владелец сервиса, разработчик модели / витрин, РП и тд.)?: Да→0.9; Нет→1.1; Неизвестно→1
— Способ предоставления данных заказчику: Непосредственно→0.8; Опосредованно→1.2; Неизвестно→1
— Наличие конфиденциальных данных: Да→1.25; Нет→0; Неизвестно→1
— Требуется хэширование/ шифрование: Да→1.25; Нет→0.75; Неизвестно→1 (на «Система-источник» Нет→0.9)
— Двусторонний обмен данными: Да→1.25; Нет→0.75; Неизвестно→1";"ЧД(работы) = ОКРУГЛ.ВВЕРХ(Норматив × [Тип работ] × [Стейкхолдеры известны (владелец сервиса, разработчик модели / витрин, РП и тд.)?] × [Способ предоставления данных заказчику] × [Наличие конфиденциальных данных] × [Требуется хэширование/ шифрование] × [Двусторонний обмен данными]; 0,1)";Выбор триггера (иначе Итог = 0). Норматив: 1,2 чд.
Источники данных;Арх. Компонент. Процесс обработки данных;Этап 217. Оперативное обеспечение юридического основания или инициация этапа;Опциональная;0,6;Тип системы-источника (внешний);"1. Стейкхолдеры известны (владелец сервиса, разработчик модели / витрин, РП и тд.)?
2. Способ предоставления данных заказчику
3. Наличие конфиденциальных данных
4. Требуется хэширование/ шифрование
5. Двусторонний обмен данными";"— Стейкхолдеры известны (владелец сервиса, разработчик модели / витрин, РП и тд.)?: Да→0.9; Нет→1.1; Неизвестно→1
— Способ предоставления данных заказчику: Непосредственно→0.8; Опосредованно→1.2; Неизвестно→1
— Наличие конфиденциальных данных: Да→1.25; Нет→0; Неизвестно→1
— Требуется хэширование/ шифрование: Да→1.25; Нет→0.75; Неизвестно→1 (на «Система-источник» Нет→0.9)
— Двусторонний обмен данными: Да→1.25; Нет→0.75; Неизвестно→1";"ЧД(работы) = ОКРУГЛ.ВВЕРХ(Норматив × [Стейкхолдеры известны (владелец сервиса, разработчик модели / витрин, РП и тд.)?] × [Способ предоставления данных заказчику] × [Наличие конфиденциальных данных] × [Требуется хэширование/ шифрование] × [Двусторонний обмен данными]; 0,1)";Выбор триггера (иначе Итог = 0). Норматив: 0,6 чд.
Источники данных;Арх. Компонент. Процесс обработки данных;Этап 217. Составление модели данных s2t;Опциональная;1,2;Тип системы-источника (внешний);"1. Тип работ
2. Двусторонний обмен данными";"— Тип работ: Разработка→1.1; Доработка→0.75; Настройка→0.5; Неизвестно→1
— Двусторонний обмен данными: Да→1.25; Нет→0.75; Неизвестно→1";"ЧД(работы) = ОКРУГЛ.ВВЕРХ(Норматив × [Тип работ] × [Двусторонний обмен данными]; 0,1)";Выбор триггера (иначе Итог = 0). Норматив: 1,2 чд.
Источники данных;Арх. Компонент. Процесс обработки данных;Этап 217. Составление ТР;Опциональная;1,5;Тип системы-источника (внешний);"1. Тип работ
2. Стейкхолдеры известны (владелец сервиса, разработчик модели / витрин, РП и тд.)?
3. Способ предоставления данных заказчику
4. Наличие конфиденциальных данных
5. Требуется хэширование/ шифрование
6. Двусторонний обмен данными";"— Тип работ: Разработка→1.1; Доработка→0.75; Настройка→0.5; Неизвестно→1
— Стейкхолдеры известны (владелец сервиса, разработчик модели / витрин, РП и тд.)?: Да→0.9; Нет→1.1; Неизвестно→1
— Способ предоставления данных заказчику: Непосредственно→0.8; Опосредованно→1.2; Неизвестно→1
— Наличие конфиденциальных данных: Да→1.25; Нет→0; Неизвестно→1
— Требуется хэширование/ шифрование: Да→1.25; Нет→0.75; Неизвестно→1 (на «Система-источник» Нет→0.9)
— Двусторонний обмен данными: Да→1.25; Нет→0.75; Неизвестно→1";"ЧД(работы) = ОКРУГЛ.ВВЕРХ(Норматив × [Тип работ] × [Стейкхолдеры известны (владелец сервиса, разработчик модели / витрин, РП и тд.)?] × [Способ предоставления данных заказчику] × [Наличие конфиденциальных данных] × [Требуется хэширование/ шифрование] × [Двусторонний обмен данными]; 0,1)";Выбор триггера (иначе Итог = 0). Норматив: 1,5 чд.
Источники данных;Арх. Компонент. Процесс обработки данных;Этап 217. Подготовка АЗ для заключения NDA, согласование содержания NDA;Опциональная;0,6;Тип системы-источника (внешний);"1. Тип работ
2. Стейкхолдеры известны (владелец сервиса, разработчик модели / витрин, РП и тд.)?
3. Способ предоставления данных заказчику
4. NDA
5. Наличие конфиденциальных данных
6. Двусторонний обмен данными";"— Тип работ: Разработка→1.1; Доработка→0.75; Настройка→0.5; Неизвестно→1
— Стейкхолдеры известны (владелец сервиса, разработчик модели / витрин, РП и тд.)?: Да→0.9; Нет→1.1; Неизвестно→1
— Способ предоставления данных заказчику: Непосредственно→0.8; Опосредованно→1.2; Неизвестно→1
— NDA: Стандартное→0.75; Нестандартное→1.25; Не требуется→0; Неизвестно→1
— Наличие конфиденциальных данных: Да→1.25; Нет→0; Неизвестно→1
— Двусторонний обмен данными: Да→1.25; Нет→0.75; Неизвестно→1";"ЧД(работы) = ОКРУГЛ.ВВЕРХ(Норматив × [Тип работ] × [Стейкхолдеры известны (владелец сервиса, разработчик модели / витрин, РП и тд.)?] × [Способ предоставления данных заказчику] × [NDA] × [Наличие конфиденциальных данных] × [Двусторонний обмен данными]; 0,1)";Выбор триггера (иначе Итог = 0). Норматив: 0,6 чд.
Источники данных;Арх. Компонент. Процесс обработки данных;Этап 217. Согласование интеграции с ИБ и ЮБ;Опциональная;0,6;Тип системы-источника (внешний);"1. Тип работ
2. Стейкхолдеры известны (владелец сервиса, разработчик модели / витрин, РП и тд.)?
3. Наличие конфиденциальных данных
4. Двусторонний обмен данными";"— Тип работ: Разработка→1.1; Доработка→0.75; Настройка→0.5; Неизвестно→1
— Стейкхолдеры известны (владелец сервиса, разработчик модели / витрин, РП и тд.)?: Да→0.9; Нет→1.1; Неизвестно→1
— Наличие конфиденциальных данных: Да→1.25; Нет→0; Неизвестно→1
— Двусторонний обмен данными: Да→1.25; Нет→0.75; Неизвестно→1";"ЧД(работы) = ОКРУГЛ.ВВЕРХ(Норматив × [Тип работ] × [Стейкхолдеры известны (владелец сервиса, разработчик модели / витрин, РП и тд.)?] × [Наличие конфиденциальных данных] × [Двусторонний обмен данными]; 0,1)";Выбор триггера (иначе Итог = 0). Норматив: 0,6 чд.
Источники данных;Арх. Компонент. Процесс обработки данных;Этап 217. Согласование АР, участие в Тестировании и ПСИ;Опциональная;0,9;Тип системы-источника (внешний);"1. Тип работ
2. Наличие конфиденциальных данных
3. Требуется хэширование/ шифрование
4. Двусторонний обмен данными";"— Тип работ: Разработка→1.1; Доработка→0.75; Настройка→0.5; Неизвестно→1
— Наличие конфиденциальных данных: Да→1.25; Нет→0; Неизвестно→1
— Требуется хэширование/ шифрование: Да→1.25; Нет→0.75; Неизвестно→1 (на «Система-источник» Нет→0.9)
— Двусторонний обмен данными: Да→1.25; Нет→0.75; Неизвестно→1";"ЧД(работы) = ОКРУГЛ.ВВЕРХ(Норматив × [Тип работ] × [Наличие конфиденциальных данных] × [Требуется хэширование/ шифрование] × [Двусторонний обмен данными]; 0,1)";Выбор триггера (иначе Итог = 0). Норматив: 0,9 чд.
Источники данных;Арх. Компонент. Процесс обработки данных;Этап 217. Доработка внутренней документации и информационных ресурсов группы;Опциональная;0,9;Тип системы-источника (внешний);"1. Тип работ
2. Способ предоставления данных заказчику";"— Тип работ: Разработка→1.1; Доработка→0.75; Настройка→0.5; Неизвестно→1
— Способ предоставления данных заказчику: Непосредственно→0.8; Опосредованно→1.2; Неизвестно→1";"ЧД(работы) = ОКРУГЛ.ВВЕРХ(Норматив × [Тип работ] × [Способ предоставления данных заказчику]; 0,1)";Выбор триггера (иначе Итог = 0). Норматив: 0,9 чд.
Источники данных;Арх. Компонент. Процесс обработки данных;Этап 218. Интервьюирование заказчика, подтверждение финансирования и обработка RDS;Опциональная;0,7;Тип системы-источника (внешний);1. Сложность реализации;"— Сложность реализации: Низкая→0.75; Средняя→1; Высокая→1.5; Неизвестно→1.25";"ЧД(работы) = ОКРУГЛ.ВВЕРХ(Норматив × [Сложность реализации]; 0,1)";Выбор триггера (иначе Итог = 0). Норматив: 0,7 чд.
Источники данных;Арх. Компонент. Процесс обработки данных;Этап 218. Планирование и работа с бэклогом;Опциональная;1,1;Тип системы-источника (внешний);1. Сложность реализации;"— Сложность реализации: Низкая→0.75; Средняя→1; Высокая→1.5; Неизвестно→1.25";"ЧД(работы) = ОКРУГЛ.ВВЕРХ(Норматив × [Сложность реализации]; 0,1)";Выбор триггера (иначе Итог = 0). Норматив: 1,1 чд.
Источники данных;Арх. Компонент. Процесс обработки данных;Этап 218. Сбор и анализ требований;Опциональная;1,1;Тип системы-источника (внешний);1. Сложность реализации;"— Сложность реализации: Низкая→0.75; Средняя→1; Высокая→1.5; Неизвестно→1.25";"ЧД(работы) = ОКРУГЛ.ВВЕРХ(Норматив × [Сложность реализации]; 0,1)";Выбор триггера (иначе Итог = 0). Норматив: 1,1 чд.
Источники данных;Арх. Компонент. Процесс обработки данных;Этап 218. Составление модели данных s2t;Опциональная;1,2;Тип системы-источника (внешний);—;нет (только норматив).;"ЧД(работы) = ОКРУГЛ.ВВЕРХ(Норматив; 0,1) = Норматив  (параметров трудоёмкости нет)";Выбор триггера (иначе Итог = 0). Норматив: 1,2 чд.
Источники данных;Арх. Компонент. Процесс обработки данных;Этап 218. Составление БТ;Опциональная;1,3;Тип системы-источника (внешний);1. Сложность реализации;"— Сложность реализации: Низкая→0.75; Средняя→1; Высокая→1.5; Неизвестно→1.25";"ЧД(работы) = ОКРУГЛ.ВВЕРХ(Норматив × [Сложность реализации]; 0,1)";Выбор триггера (иначе Итог = 0). Норматив: 1,3 чд.
Источники данных;Арх. Компонент. Процесс обработки данных;Этап 218. Согласование артефактов Озера данных, участие в Тестировании и ПСИ;Опциональная;0,7;Тип системы-источника (внешний);1. Сложность реализации;"— Сложность реализации: Низкая→0.75; Средняя→1; Высокая→1.5; Неизвестно→1.25";"ЧД(работы) = ОКРУГЛ.ВВЕРХ(Норматив × [Сложность реализации]; 0,1)";Выбор триггера (иначе Итог = 0). Норматив: 0,7 чд.
Источники данных;Арх. Компонент. Процесс обработки данных;Этап 218. Доработка внутренней документации и информационных ресурсов группы;Опциональная;0,9;Тип системы-источника (внешний);—;нет (только норматив).;"ЧД(работы) = ОКРУГЛ.ВВЕРХ(Норматив; 0,1) = Норматив  (параметров трудоёмкости нет)";Выбор триггера (иначе Итог = 0). Норматив: 0,9 чд.
Источники данных;Арх. Компонент. Объект данных;Этап 218. Интервьюирование заказчика, подтверждение финансирования и обработка RDS;Опциональная;0,7;Тип системы-источника (внешний);1. Сложность реализации;"— Сложность реализации: Низкая→0.75; Средняя→1; Высокая→1.5; Неизвестно→1.25";"ЧД(работы) = ОКРУГЛ.ВВЕРХ(Норматив × [Сложность реализации]; 0,1)";Выбор триггера (иначе Итог = 0). Норматив: 0,7 чд.
Источники данных;Арх. Компонент. Объект данных;Этап 218. Планирование и работа с бэклогом;Опциональная;1,1;Тип системы-источника (внешний);1. Сложность реализации;"— Сложность реализации: Низкая→0.75; Средняя→1; Высокая→1.5; Неизвестно→1.25";"ЧД(работы) = ОКРУГЛ.ВВЕРХ(Норматив × [Сложность реализации]; 0,1)";Выбор триггера (иначе Итог = 0). Норматив: 1,1 чд.
Источники данных;Арх. Компонент. Объект данных;Этап 218. Сбор и анализ требований;Опциональная;1,1;Тип системы-источника (внешний);1. Сложность реализации;"— Сложность реализации: Низкая→0.75; Средняя→1; Высокая→1.5; Неизвестно→1.25";"ЧД(работы) = ОКРУГЛ.ВВЕРХ(Норматив × [Сложность реализации]; 0,1)";Выбор триггера (иначе Итог = 0). Норматив: 1,1 чд.
Источники данных;Арх. Компонент. Объект данных;Этап 218. Составление модели данных s2t;Опциональная;1,2;Тип системы-источника (внешний);—;нет (только норматив).;"ЧД(работы) = ОКРУГЛ.ВВЕРХ(Норматив; 0,1) = Норматив  (параметров трудоёмкости нет)";Выбор триггера (иначе Итог = 0). Норматив: 1,2 чд.
Источники данных;Арх. Компонент. Объект данных;Этап 218. Составление БТ;Опциональная;1,3;Тип системы-источника (внешний);1. Сложность реализации;"— Сложность реализации: Низкая→0.75; Средняя→1; Высокая→1.5; Неизвестно→1.25";"ЧД(работы) = ОКРУГЛ.ВВЕРХ(Норматив × [Сложность реализации]; 0,1)";Выбор триггера (иначе Итог = 0). Норматив: 1,3 чд.
Источники данных;Арх. Компонент. Объект данных;Этап 218. Согласование артефактов Озера данных, участие в Тестировании и ПСИ;Опциональная;0,7;Тип системы-источника (внешний);1. Сложность реализации;"— Сложность реализации: Низкая→0.75; Средняя→1; Высокая→1.5; Неизвестно→1.25";"ЧД(работы) = ОКРУГЛ.ВВЕРХ(Норматив × [Сложность реализации]; 0,1)";Выбор триггера (иначе Итог = 0). Норматив: 0,7 чд.
Источники данных;Арх. Компонент. Объект данных;Этап 218. Доработка внутренней документации и информационных ресурсов группы;Опциональная;0,9;Тип системы-источника (внешний);—;нет (только норматив).;"ЧД(работы) = ОКРУГЛ.ВВЕРХ(Норматив; 0,1) = Норматив  (параметров трудоёмкости нет)";Выбор триггера (иначе Итог = 0). Норматив: 0,9 чд.
Источники данных;Источники данных. Локальный параметр;Этап 219. Сбор и анализ требований по изменениям;Опциональная;2;"Не понятно условие появления работ
Тип системы-источника (внешний)";"1. Объем изменений в ТИС
2. Необходимость изучения регламентов Банка
3. Необходимо пересогласование артефакта";"— Объем изменений в ТИС: Точечное(1-4)→0.5; Малое(5-9)→0.75; Среднее(9-15)→1; Крупное(15-20)→1.25; Большое(20-25)→1.5; Масштабное(25+)→1.75; Неизвестно→1.25
— Необходимость изучения регламентов Банка: Да→1; Нет→0; Неизвестно→1
— Необходимо пересогласование артефакта: Да→1; Нет→0; Неизвестно→1";"ЧД(работы) = ОКРУГЛ.ВВЕРХ(Норматив × [Объем изменений в ТИС] × [Необходимость изучения регламентов Банка] × [Необходимо пересогласование артефакта]; 0,1)";Выбор триггера (иначе Итог = 0). Норматив: 2 чд.
Источники данных;Источники данных. Локальный параметр;Этап 219. Системный анализ;Опциональная;3,8;Тип системы-источника (внешний);"1. Объем изменений в ТИС
2. Необходимость изучения регламентов Банка
3. Необходимо пересогласование артефакта";"— Объем изменений в ТИС: Точечное(1-4)→0.5; Малое(5-9)→0.75; Среднее(9-15)→1; Крупное(15-20)→1.25; Большое(20-25)→1.5; Масштабное(25+)→1.75; Неизвестно→1.25
— Необходимость изучения регламентов Банка: Да→1; Нет→0; Неизвестно→1
— Необходимо пересогласование артефакта: Да→1; Нет→0; Неизвестно→1";"ЧД(работы) = ОКРУГЛ.ВВЕРХ(Норматив × [Объем изменений в ТИС] × [Необходимость изучения регламентов Банка] × [Необходимо пересогласование артефакта]; 0,1)";Выбор триггера (иначе Итог = 0). Норматив: 3,8 чд.
Источники данных;Источники данных. Локальный параметр;Этап 219. Изучение регламентов Банка по ведению редактируемого раздела/ов;Опциональная;0,8;Тип системы-источника (внешний);"1. Объем изменений в ТИС
2. Необходимость изучения регламентов Банка
3. Необходимо пересогласование артефакта";"— Объем изменений в ТИС: Точечное(1-4)→0.5; Малое(5-9)→0.75; Среднее(9-15)→1; Крупное(15-20)→1.25; Большое(20-25)→1.5; Масштабное(25+)→1.75; Неизвестно→1.25
— Необходимость изучения регламентов Банка: Да→1; Нет→0; Неизвестно→1
— Необходимо пересогласование артефакта: Да→1; Нет→0; Неизвестно→1";"ЧД(работы) = ОКРУГЛ.ВВЕРХ(Норматив × [Объем изменений в ТИС] × [Необходимость изучения регламентов Банка] × [Необходимо пересогласование артефакта]; 0,1)";Выбор триггера (иначе Итог = 0). Норматив: 0,8 чд.
Источники данных;Источники данных. Локальный параметр;Этап 219. Редактирование артефакта;Опциональная;4,4;Тип системы-источника (внешний);"1. Объем изменений в ТИС
2. Необходимость изучения регламентов Банка
3. Необходимо пересогласование артефакта";"— Объем изменений в ТИС: Точечное(1-4)→0.5; Малое(5-9)→0.75; Среднее(9-15)→1; Крупное(15-20)→1.25; Большое(20-25)→1.5; Масштабное(25+)→1.75; Неизвестно→1.25
— Необходимость изучения регламентов Банка: Да→1; Нет→0; Неизвестно→1
— Необходимо пересогласование артефакта: Да→1; Нет→0; Неизвестно→1";"ЧД(работы) = ОКРУГЛ.ВВЕРХ(Норматив × [Объем изменений в ТИС] × [Необходимость изучения регламентов Банка] × [Необходимо пересогласование артефакта]; 0,1)";Выбор триггера (иначе Итог = 0). Норматив: 4,4 чд.
Источники данных;Источники данных. Локальный параметр;Этап 219. Согласование артефакта;Опциональная;0,8;Тип системы-источника (внешний);"1. Объем изменений в ТИС
2. Необходимость изучения регламентов Банка
3. Необходимо пересогласование артефакта";"— Объем изменений в ТИС: Точечное(1-4)→0.5; Малое(5-9)→0.75; Среднее(9-15)→1; Крупное(15-20)→1.25; Большое(20-25)→1.5; Масштабное(25+)→1.75; Неизвестно→1.25
— Необходимость изучения регламентов Банка: Да→1; Нет→0; Неизвестно→1
— Необходимо пересогласование артефакта: Да→1; Нет→0; Неизвестно→1";"ЧД(работы) = ОКРУГЛ.ВВЕРХ(Норматив × [Объем изменений в ТИС] × [Необходимость изучения регламентов Банка] × [Необходимо пересогласование артефакта]; 0,1)";Выбор триггера (иначе Итог = 0). Норматив: 0,8 чд.
Источники данных;Арх. Компонент. Объект данных;Этап 220. Планирование и работа с бэклогом;Опциональная;0,7;Тип системы-источника (внешний);"1. Тип работ
2. Способ предоставления данных заказчику
3. Наличие конфиденциальных данных
4. Требуется хэширование/ шифрование
5. Двусторонний обмен данными";"— Тип работ: Разработка→1.1; Доработка→0.75; Настройка→0.5; Неизвестно→1
— Способ предоставления данных заказчику: Непосредственно→0.8; Опосредованно→1.2; Неизвестно→1
— Наличие конфиденциальных данных: Да→1.25; Нет→0; Неизвестно→1
— Требуется хэширование/ шифрование: Да→1.25; Нет→0.75; Неизвестно→1 (на «Система-источник» Нет→0.9)
— Двусторонний обмен данными: Да→1.25; Нет→0.75; Неизвестно→1";"ЧД(работы) = ОКРУГЛ.ВВЕРХ(Норматив × [Тип работ] × [Способ предоставления данных заказчику] × [Наличие конфиденциальных данных] × [Требуется хэширование/ шифрование] × [Двусторонний обмен данными]; 0,1)";Выбор триггера (иначе Итог = 0). Норматив: 0,7 чд.
Источники данных;Арх. Компонент. Объект данных;Этап 220. Согласование и корректировка входящих требований;Опциональная;0,8;Тип системы-источника (внешний);"— (трудоёмкость считается как доля от Этапа 217; параметры те же, что у соответствующей работы Этапа 217)";Kдоля(Этап 217) — те же параметры, что у соответствующей работы Этапа 217.;"ЧД(работы) = ОКРУГЛ.ВВЕРХ(Норматив × Kдоля(Этап 217); 0,1)  — доля от соответствующей работы Этапа 217";Выбор триггера (иначе Итог = 0). Норматив: 0,8 чд.
Источники данных;Арх. Компонент. Объект данных;Этап 220. Согласование и проверка модели данных s2t;Опциональная;0,5;Тип системы-источника (внешний);"— (трудоёмкость считается как доля от Этапа 217; параметры те же, что у соответствующей работы Этапа 217)";Kдоля(Этап 217) — те же параметры, что у соответствующей работы Этапа 217.;"ЧД(работы) = ОКРУГЛ.ВВЕРХ(Норматив × Kдоля(Этап 217); 0,1)  — доля от соответствующей работы Этапа 217";Выбор триггера (иначе Итог = 0). Норматив: 0,5 чд.
Источники данных;Арх. Компонент. Объект данных;Этап 220. Работа над артефактом АР;Опциональная;2,3;Тип системы-источника (внешний);"1. Тип работ
2. Наличие конфиденциальных данных
3. Требуется хэширование/ шифрование
4. Двусторонний обмен данными";"— Тип работ: Разработка→1.1; Доработка→0.75; Настройка→0.5; Неизвестно→1
— Наличие конфиденциальных данных: Да→1.25; Нет→0; Неизвестно→1
— Требуется хэширование/ шифрование: Да→1.25; Нет→0.75; Неизвестно→1 (на «Система-источник» Нет→0.9)
— Двусторонний обмен данными: Да→1.25; Нет→0.75; Неизвестно→1";"ЧД(работы) = ОКРУГЛ.ВВЕРХ(Норматив × [Тип работ] × [Наличие конфиденциальных данных] × [Требуется хэширование/ шифрование] × [Двусторонний обмен данными]; 0,1)";Выбор триггера (иначе Итог = 0). Норматив: 2,3 чд.
Источники данных;Арх. Компонент. Объект данных;Этап 220. Работа над артефактами ТПиС, ПМИ;Опциональная;1;Тип системы-источника (внешний);"1. Тип работ
2. Наличие конфиденциальных данных
3. Требуется хэширование/ шифрование
4. Двусторонний обмен данными";"— Тип работ: Разработка→1.1; Доработка→0.75; Настройка→0.5; Неизвестно→1
— Наличие конфиденциальных данных: Да→1.25; Нет→0; Неизвестно→1
— Требуется хэширование/ шифрование: Да→1.25; Нет→0.75; Неизвестно→1 (на «Система-источник» Нет→0.9)
— Двусторонний обмен данными: Да→1.25; Нет→0.75; Неизвестно→1";"ЧД(работы) = ОКРУГЛ.ВВЕРХ(Норматив × [Тип работ] × [Наличие конфиденциальных данных] × [Требуется хэширование/ шифрование] × [Двусторонний обмен данными]; 0,1)";Выбор триггера (иначе Итог = 0). Норматив: 1 чд.
Источники данных;Арх. Компонент. Объект данных;Этап 220. Работы по разворачиванию и настройке новой инфраструктуры;Опциональная;1,7;Тип системы-источника (внешний);"1. Тип работ
2. Наличие конфиденциальных данных
3. Требуется хэширование/ шифрование
4. Двусторонний обмен данными";"— Тип работ: Разработка→1.1; Доработка→0.75; Настройка→0.5; Неизвестно→1
— Наличие конфиденциальных данных: Да→1.25; Нет→0; Неизвестно→1
— Требуется хэширование/ шифрование: Да→1.25; Нет→0.75; Неизвестно→1 (на «Система-источник» Нет→0.9)
— Двусторонний обмен данными: Да→1.25; Нет→0.75; Неизвестно→1";"ЧД(работы) = ОКРУГЛ.ВВЕРХ(Норматив × [Тип работ] × [Наличие конфиденциальных данных] × [Требуется хэширование/ шифрование] × [Двусторонний обмен данными]; 0,1)";Выбор триггера (иначе Итог = 0). Норматив: 1,7 чд.
Источники данных;Арх. Компонент. Объект данных;Этап 220. Согласование артефактов и заведение заявок на доступы;Опциональная;1;Тип системы-источника (внешний);"1. Тип работ
2. Наличие конфиденциальных данных
3. Требуется хэширование/ шифрование
4. Двусторонний обмен данными";"— Тип работ: Разработка→1.1; Доработка→0.75; Настройка→0.5; Неизвестно→1
— Наличие конфиденциальных данных: Да→1.25; Нет→0; Неизвестно→1
— Требуется хэширование/ шифрование: Да→1.25; Нет→0.75; Неизвестно→1 (на «Система-источник» Нет→0.9)
— Двусторонний обмен данными: Да→1.25; Нет→0.75; Неизвестно→1";"ЧД(работы) = ОКРУГЛ.ВВЕРХ(Норматив × [Тип работ] × [Наличие конфиденциальных данных] × [Требуется хэширование/ шифрование] × [Двусторонний обмен данными]; 0,1)";Выбор триггера (иначе Итог = 0). Норматив: 1 чд.
Источники данных;Арх. Компонент. Объект данных;Этап 220. Разработка Решения;Опциональная;6;Тип системы-источника (внешний);"1. Тип работ
2. Наличие конфиденциальных данных
3. Требуется хэширование/ шифрование
4. Двусторонний обмен данными";"— Тип работ: Разработка→1.1; Доработка→0.75; Настройка→0.5; Неизвестно→1
— Наличие конфиденциальных данных: Да→1.25; Нет→0; Неизвестно→1
— Требуется хэширование/ шифрование: Да→1.25; Нет→0.75; Неизвестно→1 (на «Система-источник» Нет→0.9)
— Двусторонний обмен данными: Да→1.25; Нет→0.75; Неизвестно→1";"ЧД(работы) = ОКРУГЛ.ВВЕРХ(Норматив × [Тип работ] × [Наличие конфиденциальных данных] × [Требуется хэширование/ шифрование] × [Двусторонний обмен данными]; 0,1)";Выбор триггера (иначе Итог = 0). Норматив: 6 чд.
Источники данных;Арх. Компонент. Объект данных;Этап 220. Тестирование и отладка Решения;Опциональная;1,5;Тип системы-источника (внешний);"1. Тип работ
2. Наличие конфиденциальных данных
3. Требуется хэширование/ шифрование
4. Двусторонний обмен данными";"— Тип работ: Разработка→1.1; Доработка→0.75; Настройка→0.5; Неизвестно→1
— Наличие конфиденциальных данных: Да→1.25; Нет→0; Неизвестно→1
— Требуется хэширование/ шифрование: Да→1.25; Нет→0.75; Неизвестно→1 (на «Система-источник» Нет→0.9)
— Двусторонний обмен данными: Да→1.25; Нет→0.75; Неизвестно→1";"ЧД(работы) = ОКРУГЛ.ВВЕРХ(Норматив × [Тип работ] × [Наличие конфиденциальных данных] × [Требуется хэширование/ шифрование] × [Двусторонний обмен данными]; 0,1)";Выбор триггера (иначе Итог = 0). Норматив: 1,5 чд.
Источники данных;Арх. Компонент. Объект данных;Этап 220. Проведение ИФТ Решения;Опциональная;0,8;Тип системы-источника (внешний);"1. Тип работ
2. Наличие конфиденциальных данных
3. Требуется хэширование/ шифрование
4. Двусторонний обмен данными";"— Тип работ: Разработка→1.1; Доработка→0.75; Настройка→0.5; Неизвестно→1
— Наличие конфиденциальных данных: Да→1.25; Нет→0; Неизвестно→1
— Требуется хэширование/ шифрование: Да→1.25; Нет→0.75; Неизвестно→1 (на «Система-источник» Нет→0.9)
— Двусторонний обмен данными: Да→1.25; Нет→0.75; Неизвестно→1";"ЧД(работы) = ОКРУГЛ.ВВЕРХ(Норматив × [Тип работ] × [Наличие конфиденциальных данных] × [Требуется хэширование/ шифрование] × [Двусторонний обмен данными]; 0,1)";Выбор триггера (иначе Итог = 0). Норматив: 0,8 чд.
Источники данных;Арх. Компонент. Объект данных;Этап 220. Проведение Тестирования Решения и ПСИ;Опциональная;1;Тип системы-источника (внешний);"1. Тип работ
2. Наличие конфиденциальных данных
3. Требуется хэширование/ шифрование
4. Двусторонний обмен данными";"— Тип работ: Разработка→1.1; Доработка→0.75; Настройка→0.5; Неизвестно→1
— Наличие конфиденциальных данных: Да→1.25; Нет→0; Неизвестно→1
— Требуется хэширование/ шифрование: Да→1.25; Нет→0.75; Неизвестно→1 (на «Система-источник» Нет→0.9)
— Двусторонний обмен данными: Да→1.25; Нет→0.75; Неизвестно→1";"ЧД(работы) = ОКРУГЛ.ВВЕРХ(Норматив × [Тип работ] × [Наличие конфиденциальных данных] × [Требуется хэширование/ шифрование] × [Двусторонний обмен данными]; 0,1)";Выбор триггера (иначе Итог = 0). Норматив: 1 чд.
Источники данных;Арх. Компонент. Объект данных;Этап 220. Вывод Решения в Промышленную эксплуатацию;Опциональная;0,4;Тип системы-источника (внешний);"1. Тип работ
2. Наличие конфиденциальных данных
3. Требуется хэширование/ шифрование
4. Двусторонний обмен данными";"— Тип работ: Разработка→1.1; Доработка→0.75; Настройка→0.5; Неизвестно→1
— Наличие конфиденциальных данных: Да→1.25; Нет→0; Неизвестно→1
— Требуется хэширование/ шифрование: Да→1.25; Нет→0.75; Неизвестно→1 (на «Система-источник» Нет→0.9)
— Двусторонний обмен данными: Да→1.25; Нет→0.75; Неизвестно→1";"ЧД(работы) = ОКРУГЛ.ВВЕРХ(Норматив × [Тип работ] × [Наличие конфиденциальных данных] × [Требуется хэширование/ шифрование] × [Двусторонний обмен данными]; 0,1)";Выбор триггера (иначе Итог = 0). Норматив: 0,4 чд.
Источники данных;Арх. Компонент. Объект данных;Этап 220. Доработка внутренней документации и информационных ресурсов группы;Опциональная;0,4;Тип системы-источника (внешний);"1. Тип работ
2. Наличие конфиденциальных данных
3. Требуется хэширование/ шифрование
4. Двусторонний обмен данными";"— Тип работ: Разработка→1.1; Доработка→0.75; Настройка→0.5; Неизвестно→1
— Наличие конфиденциальных данных: Да→1.25; Нет→0; Неизвестно→1
— Требуется хэширование/ шифрование: Да→1.25; Нет→0.75; Неизвестно→1 (на «Система-источник» Нет→0.9)
— Двусторонний обмен данными: Да→1.25; Нет→0.75; Неизвестно→1";"ЧД(работы) = ОКРУГЛ.ВВЕРХ(Норматив × [Тип работ] × [Наличие конфиденциальных данных] × [Требуется хэширование/ шифрование] × [Двусторонний обмен данными]; 0,1)";Выбор триггера (иначе Итог = 0). Норматив: 0,4 чд.
Источники данных;Арх. Компонент. Система-источник;Этап 230. Планирование и работа с бэклогом;Опциональная;0,4;Тип системы-источника (внешний);"1. Тип работ
2. Способ предоставления данных заказчику
3. Сложность реализации
4. Наличие конфиденциальных данных
5. Требуется хэширование/ шифрование
6. Двусторонний обмен данными";"— Тип работ: Разработка→1.1; Доработка→0.75; Настройка→0.5; Неизвестно→1
— Способ предоставления данных заказчику: Непосредственно→0.8; Опосредованно→1.2; Неизвестно→1
— Сложность реализации: Низкая→0.75; Средняя→1; Высокая→1.5; Неизвестно→1.25
— Наличие конфиденциальных данных: Да→1.25; Нет→0; Неизвестно→1
— Требуется хэширование/ шифрование: Да→1.25; Нет→0.75; Неизвестно→1 (на «Система-источник» Нет→0.9)
— Двусторонний обмен данными: Да→1.25; Нет→0.75; Неизвестно→1";"ЧД(работы) = ОКРУГЛ.ВВЕРХ(Норматив × [Тип работ] × [Способ предоставления данных заказчику] × [Сложность реализации] × [Наличие конфиденциальных данных] × [Требуется хэширование/ шифрование] × [Двусторонний обмен данными]; 0,1)";Выбор триггера (иначе Итог = 0). Норматив: 0,4 чд.
Источники данных;Арх. Компонент. Система-источник;Этап 230. Постановка источника на мониторинг;Опциональная;3,9;Тип системы-источника (внешний);"1. Тип работ
2. Сложность реализации
3. Наличие конфиденциальных данных
4. Требуется хэширование/ шифрование
5. Двусторонний обмен данными";"— Тип работ: Разработка→1.1; Доработка→0.75; Настройка→0.5; Неизвестно→1
— Сложность реализации: Низкая→0.75; Средняя→1; Высокая→1.5; Неизвестно→1.25
— Наличие конфиденциальных данных: Да→1.25; Нет→0; Неизвестно→1
— Требуется хэширование/ шифрование: Да→1.25; Нет→0.75; Неизвестно→1 (на «Система-источник» Нет→0.9)
— Двусторонний обмен данными: Да→1.25; Нет→0.75; Неизвестно→1";"ЧД(работы) = ОКРУГЛ.ВВЕРХ(Норматив × [Тип работ] × [Сложность реализации] × [Наличие конфиденциальных данных] × [Требуется хэширование/ шифрование] × [Двусторонний обмен данными]; 0,1)";Выбор триггера (иначе Итог = 0). Норматив: 3,9 чд.
Источники данных;Арх. Компонент. Система-источник;Этап 230. Доработка внутренней документации и информационных ресурсов группы;Опциональная;0,3;Тип системы-источника (внешний);"1. Тип работ
2. Сложность реализации
3. Наличие конфиденциальных данных
4. Требуется хэширование/ шифрование
5. Двусторонний обмен данными";"— Тип работ: Разработка→1.1; Доработка→0.75; Настройка→0.5; Неизвестно→1
— Сложность реализации: Низкая→0.75; Средняя→1; Высокая→1.5; Неизвестно→1.25
— Наличие конфиденциальных данных: Да→1.25; Нет→0; Неизвестно→1
— Требуется хэширование/ шифрование: Да→1.25; Нет→0.75; Неизвестно→1 (на «Система-источник» Нет→0.9)
— Двусторонний обмен данными: Да→1.25; Нет→0.75; Неизвестно→1";"ЧД(работы) = ОКРУГЛ.ВВЕРХ(Норматив × [Тип работ] × [Сложность реализации] × [Наличие конфиденциальных данных] × [Требуется хэширование/ шифрование] × [Двусторонний обмен данными]; 0,1)";Выбор триггера (иначе Итог = 0). Норматив: 0,3 чд.