"Стрим";"Подразделение";"Арх. Компонент";"Название в смарт-анкете СУМ";"Наличие норматива";"Параметр-триггер";"Параметры трудоемкости";"Коэффициенты параметров трудоёмкости";"Формула";"результаты тестирования Кирилла, замечания / Баги"
"Источники данных";"Внутренние источники";"Арх. Компонент. Система-источник";"Этап 210. Исследование и описание внутренних источников, выгрузка тестовых данных, мониторинг изменений источников";"14";"Тип источника =внутренний";"Наличие реплики в DAPP

Необходимо уточнение требований по составу выгружаемых данных и алгоритмам расчета метрик

Риск появления дополнительных систем-источников";"База этапа 210 = 14 чд . 

Реплика в DAPP:
Да→×1
Нет→×1.5

Необходимо уточнение требований по составу выгружаемых данных и алгоритмам расчета метрик:
Да→+0.3×база,
Нет→+1×база

Риск появления дополнительных систем-источников:
Да→×1.5,
Нет→×1";"Оценка = база × (К[Наличие реплики в DAPP] + К[Необходимо уточнение требований по составу выгружаемых данных и алгоритмам расчета метрик] + К[Риск появления дополнительных систем-источников] )";"Эта работа в активированном состоянии не отображается
 2. Просчеты этой работы не отображаются корректные"
"Источники данных";"Внутренние источники";"Арх. Компонент. Процесс обработки данных";"Этап 211. Разработка БТ (ТР) на реализацию процесса загрузки данных для внутренних данных";"22";"Тип источника =внутренний";"Сложность интеграции (или ещё по другому также называется Сложность реализации )

Кол-во источников в витрине (вычисляемый)";"База этапа 211 = 22 чд. 

Сложность интеграции (или другое название Сложность реализации):
Не известно×1.5
Высокая×1.2
Средняя×0.8
Низкая×0.5

Кол-во арх. компонентов ""Система-Источник"" (вычисляемый):
≤5→×1; 
>5→×(N/5) к базе;";"Оценка = (база× К[Сложность интеграции])
+ (база ×К[Арх. компонент Система источник количество])";"Эта работа в активированном состоянии не отображается в экране активных типовых работ. Но отображается в правом окне ""Появление типовых работ"". 
 2. Просчеты этой работы отображаются не корректные
 3. Также не понятно пока что как задать на какой коэффициент умножать (Кол-во арх. компонентов ""Система-Источник"")"
"Источники данных";"Внутренние источники";"Арх. Компонент. Объект данных";"Этап 211. Разработка БТ (ТР) на реализацию витрины для внутренних данных";"22";"Тип источника =внутренний";"Необходимо уточнение требований по составу выгружаемых данных и алгоритмам расчета метрик

Кол-во источников в витрине (вычисляемый)";"База этапа 211= 22 чд.

Кол-во арх.компонентов ""Система-Источник"" (вычисляемый):
≤5→×1; 
>5→×(N/5) к базе;

Необходимо уточнение требований по составу выгружаемых данных и алгоритмам расчета метрик
Да→×10
Нет→×1";"Оценка = (база × К[Арх.компонент Система источник количество])
+ (база × К[Необходимо уточнение требований по составу выгружаемых данных и алгоритмам расчета метрик]";"В требовании у справочника (""Необходимо уточнение требований по составу выгружаемых данных и алгоритмам расчета метрик"") всего два значения: Это ""Да"" и ""Нет"", а на практике сейчас в настройках задано три значения это: ""Да"", ""Нет"" и ""Неизвестно"". Нужно понять как поступаем? Убираем из списка лишнее значение или добавляем в требование третье?
 2. Эта работа в активированном состоянии не отображается в экране активных типовых работ. И также даже не отображается в правом окне ""Появление типовых работ""."
"Источники данных";"Внутренние источники";"Арх. Компонент. Процесс обработки данных";"Этап 212. Реализация процесса загрузки внутренних данных в Платформу данных для целей моделирования";"22";"Тип системы-источника  =внутренний
И
Необходима продуктивизация  = Да";"Тип работ

Требуется интеграция с промежуточной системой (СХК,СФП и др.)";"База этапа 212 = 22 чд.

Тип работ:
Без изменений×0.5
Доработка×0.8
Разработка×1


Требуется интеграция с промежуточной системой (СХК,СФП и др.) 
Да→×1.5,
Нет→×1";"Оценка = база × ( К[Тип работ] + К[Требуется интеграция с промежуточной системой (СХК,СФП и др.)]  )";"В справочнике ""Тип работ"" в требовании указан параметр ""Без изменений"", а при настройке в разделе логике в этом списке вместо значения ""Без изменений"" присутствует значение с именем ""Настройка"". Вопрос: меняет в системе с ""Настройка"" на ""Без изменений"" или в требовании меняем с ""Без изменений"" на ""Настройка"" ?
 2. Эта работа в активированном состоянии не отображается в экране активных типовых работ. Но отображается в правом окне ""Появление типовых работ"". 
 3. Просчет активированной работы не верный, итоговый коэффициент считается не корректно. (Не учитываются активированные Параметры трудоёмкости )"
"Источники данных";"Внутренние источники";"Арх. Компонент. Объект данных";"Этап 212. Реализация витрины внутренних данных в Платформе данных для целей моделирования";"22";"Тип системы-источника =внутренний
И
Необходима продуктивизация  = Да";"Тип работ = Разработка

Количество метрик";"База этапа 212 = 22 чд.

Тип работ = Разработка (×1)

Надбавка за метрики:
до 20→+0;
20–50→+0.2
>50→+0.4";"Оценка = база × ( К=1 [Тип работ=Разработка]+К[Количество метрик] )";"Тут в требовании в списке Тип работ указан какой будет коэфцент при параметре ""Разработка"", а какие коэффиценты будут при других параметрах?"
